Lot_ID,Batch_ID,Wafer_ID,PECVD_Thick,Etch_Rate,Idsat,BVdss,Vth,Defect_Count,Yield_Percentage,Pass_Fail
LOT_1001,BATCH_501,WFR_01,1517.4,466.8,633.1,11.74,0.657,7,87.72,Pass
LOT_1001,BATCH_501,WFR_02,1495.2,461.1,646.4,12.16,0.698,6,90.94,Pass
LOT_1001,BATCH_501,WFR_03,1522.7,450.7,630.2,12.33,0.701,8,90.2,Pass
LOT_1001,BATCH_501,WFR_04,1553.3,442.2,642.3,13.26,0.724,10,86.18,Pass
LOT_1001,BATCH_501,WFR_05,1491.8,458.4,602.7,12.72,0.632,11,83.75,Fail
LOT_1001,BATCH_502,WFR_06,1491.8,454.7,655.3,11.97,0.73,6,92.2,Pass
LOT_1001,BATCH_502,WFR_07,1555.3,460.7,650.0,12.69,0.565,11,82.18,Fail
LOT_1001,BATCH_502,WFR_08,1526.9,457.6,629.6,11.88,0.669,11,86.41,Pass
LOT_1001,BATCH_502,WFR_09,1483.6,462.6,666.5,12.93,0.676,9,84.55,Fail
LOT_1001,BATCH_502,WFR_10,1519.0,443.6,673.4,12.31,0.732,9,85.66,Pass
LOT_1001,BATCH_503,WFR_11,1483.8,465.8,609.8,12.46,0.701,13,82.75,Fail
LOT_1001,BATCH_503,WFR_12,1483.7,452.4,630.9,13.03,0.63,7,89.65,Pass
LOT_1001,BATCH_503,WFR_13,1508.5,474.9,630.8,11.99,0.651,8,86.7,Pass
LOT_1001,BATCH_503,WFR_14,1433.0,441.7,626.5,11.94,0.71,16,77.79,Fail
LOT_1001,BATCH_503,WFR_15,1439.6,470.8,670.7,12.27,0.696,10,84.64,Fail
LOT_1001,BATCH_504,WFR_16,1480.3,452.4,645.2,12.92,0.671,10,86.05,Pass
LOT_1001,BATCH_504,WFR_17,1464.6,442.2,643.4,11.89,0.676,8,87.96,Pass
LOT_1001,BATCH_504,WFR_18,1511.0,444.2,599.9,11.37,0.735,9,84.25,Fail
LOT_1001,BATCH_504,WFR_19,1468.2,446.2,665.9,12.32,0.674,10,86.93,Pass
LOT_1001,BATCH_504,WFR_20,1450.6,455.1,619.0,12.72,0.696,13,82.31,Fail
LOT_1001,BATCH_505,WFR_21,1551.3,456.3,651.5,12.98,0.808,9,87.74,Pass
LOT_1001,BATCH_505,WFR_22,1492.1,443.1,656.9,12.31,0.629,8,86.57,Pass
LOT_1001,BATCH_505,WFR_23,1502.4,449.7,684.0,12.34,0.607,12,81.78,Fail
LOT_1001,BATCH_505,WFR_24,1450.1,475.7,617.3,12.96,0.739,12,84.14,Fail
LOT_1001,BATCH_505,WFR_25,1480.9,470.7,574.5,11.75,0.666,14,82.79,Fail
LOT_1002,BATCH_506,WFR_01,1503.9,455.2,654.6,12.34,0.684,7,91.54,Pass
LOT_1002,BATCH_506,WFR_02,1459.7,450.5,695.0,12.58,0.661,13,82.26,Fail
LOT_1002,BATCH_506,WFR_03,1513.1,451.4,681.0,12.68,0.687,7,89.55,Pass
LOT_1002,BATCH_506,WFR_04,1479.0,457.4,655.2,12.3,0.78,5,89.06,Pass
LOT_1002,BATCH_506,WFR_05,1489.8,437.7,637.7,12.51,0.74,3,94.05,Pass
LOT_1002,BATCH_507,WFR_06,1478.9,446.9,670.2,11.5,0.743,13,83.12,Fail
LOT_1002,BATCH_507,WFR_07,1564.8,430.0,625.7,12.24,0.629,13,79.94,Fail
LOT_1002,BATCH_507,WFR_08,1499.5,454.8,661.9,12.68,0.642,4,92.74,Pass
LOT_1002,BATCH_507,WFR_09,1463.0,457.8,662.6,12.11,0.558,9,86.2,Pass
LOT_1002,BATCH_507,WFR_10,1528.8,444.2,676.5,12.52,0.66,9,88.72,Pass
LOT_1002,BATCH_508,WFR_11,1457.3,468.9,719.0,12.68,0.748,16,78.89,Fail
LOT_1002,BATCH_508,WFR_12,1507.3,435.3,659.8,12.36,0.726,8,85.68,Pass
LOT_1002,BATCH_508,WFR_13,1431.4,432.4,637.3,12.57,0.689,11,83.85,Fail
LOT_1002,BATCH_508,WFR_14,1453.5,452.7,649.4,12.11,0.699,6,91.08,Pass
LOT_1002,BATCH_508,WFR_15,1506.9,462.6,605.8,12.42,0.666,12,82.47,Fail
LOT_1002,BATCH_509,WFR_16,1525.8,470.2,632.6,12.74,0.71,7,87.05,Pass
LOT_1002,BATCH_509,WFR_17,1506.0,444.5,639.8,12.56,0.738,8,89.03,Pass
LOT_1002,BATCH_509,WFR_18,1496.0,462.9,636.9,12.27,0.619,4,92.67,Pass
LOT_1002,BATCH_509,WFR_19,1489.5,449.5,653.8,12.59,0.715,9,84.41,Fail
LOT_1002,BATCH_509,WFR_20,1448.3,447.9,629.4,12.79,0.747,10,87.14,Pass
LOT_1002,BATCH_510,WFR_21,1474.8,460.6,678.0,11.68,0.679,12,82.0,Fail
LOT_1002,BATCH_510,WFR_22,1483.9,457.8,650.0,12.96,0.735,5,90.93,Pass
LOT_1002,BATCH_510,WFR_23,1537.0,431.1,649.8,12.37,0.841,8,87.0,Pass
LOT_1002,BATCH_510,WFR_24,1512.0,467.7,641.8,12.67,0.695,8,88.64,Pass
LOT_1002,BATCH_510,WFR_25,1438.3,466.6,653.9,12.98,0.72,7,90.03,Pass
LOT_1003,BATCH_511,WFR_01,1511.3,442.5,670.6,11.95,0.663,8,86.98,Pass
LOT_1003,BATCH_511,WFR_02,1486.5,454.7,628.3,12.22,0.709,11,85.72,Pass
LOT_1003,BATCH_511,WFR_03,1476.3,455.9,633.5,12.38,0.723,10,85.9,Pass
LOT_1003,BATCH_511,WFR_04,1521.4,453.1,642.4,12.19,0.71,9,88.26,Pass
LOT_1003,BATCH_511,WFR_05,1536.1,443.4,616.4,13.19,0.649,14,83.16,Fail
LOT_1003,BATCH_512,WFR_06,1532.6,441.9,629.5,12.16,0.71,9,84.35,Fail
LOT_1003,BATCH_512,WFR_07,1470.6,449.7,638.1,12.28,0.773,7,89.44,Pass
LOT_1003,BATCH_512,WFR_08,1489.2,464.1,671.9,12.58,0.722,12,80.75,Fail
LOT_1003,BATCH_512,WFR_09,1511.6,456.5,656.6,12.02,0.748,6,92.1,Pass
LOT_1003,BATCH_512,WFR_10,1534.1,445.6,654.8,12.34,0.688,9,86.26,Pass
LOT_1003,BATCH_513,WFR_11,1483.2,459.3,671.3,12.63,0.737,9,88.2,Pass
LOT_1003,BATCH_513,WFR_12,1493.5,415.8,646.6,12.37,0.714,4,91.25,Pass
LOT_1003,BATCH_513,WFR_13,1461.3,463.8,659.8,12.46,0.652,13,80.48,Fail
LOT_1003,BATCH_513,WFR_14,1458.1,429.1,647.4,12.29,0.716,12,85.04,Pass
LOT_1003,BATCH_513,WFR_15,1528.4,445.7,656.6,11.89,0.65,9,84.64,Fail
LOT_1003,BATCH_514,WFR_16,1547.5,436.6,635.4,12.63,0.668,9,88.23,Pass
LOT_1003,BATCH_514,WFR_17,1497.5,434.5,589.0,13.2,0.709,13,81.34,Fail
LOT_1003,BATCH_514,WFR_18,1535.1,463.9,646.6,12.51,0.715,8,85.47,Pass
LOT_1003,BATCH_514,WFR_19,1512.7,444.4,685.6,12.59,0.641,10,83.59,Fail
LOT_1003,BATCH_514,WFR_20,1477.4,454.2,673.2,12.78,0.753,8,85.62,Pass
LOT_1003,BATCH_515,WFR_21,1512.6,449.4,674.1,11.99,0.729,11,85.09,Pass
LOT_1003,BATCH_515,WFR_22,1553.8,455.7,680.9,13.18,0.665,11,86.27,Pass
LOT_1003,BATCH_515,WFR_23,1498.7,450.9,652.2,12.58,0.623,0,99.06,Pass
LOT_1003,BATCH_515,WFR_24,1554.8,434.6,654.9,13.15,0.693,11,84.3,Fail
LOT_1003,BATCH_515,WFR_25,1408.3,462.0,634.6,12.21,0.678,16,76.83,Fail
LOT_1004,BATCH_516,WFR_01,1528.8,444.1,642.1,13.23,0.706,7,90.85,Pass
LOT_1004,BATCH_516,WFR_02,1503.0,431.3,665.4,12.81,0.682,7,88.3,Pass
LOT_1004,BATCH_516,WFR_03,1489.5,444.9,680.1,12.72,0.6,14,81.58,Fail
LOT_1004,BATCH_516,WFR_04,1503.2,468.0,646.5,12.59,0.681,6,91.09,Pass
LOT_1004,BATCH_516,WFR_05,1430.4,460.2,638.7,12.4,0.685,11,83.49,Fail
LOT_1004,BATCH_517,WFR_06,1492.3,445.8,650.0,12.98,0.732,4,92.87,Pass
LOT_1004,BATCH_517,WFR_07,1512.5,445.8,665.0,12.56,0.665,9,85.14,Pass
LOT_1004,BATCH_517,WFR_08,1551.7,446.1,613.9,11.71,0.784,11,86.02,Pass
LOT_1004,BATCH_517,WFR_09,1481.9,474.9,592.6,12.05,0.604,14,79.25,Fail
LOT_1004,BATCH_517,WFR_10,1471.7,454.6,636.2,12.43,0.766,10,87.68,Pass
LOT_1004,BATCH_518,WFR_11,1482.4,455.2,619.5,12.62,0.689,11,85.83,Pass
LOT_1004,BATCH_518,WFR_12,1532.0,462.4,637.3,12.48,0.743,9,85.92,Pass
LOT_1004,BATCH_518,WFR_13,1511.5,452.9,646.3,12.99,0.704,4,90.93,Pass
LOT_1004,BATCH_518,WFR_14,1481.5,446.9,638.7,11.72,0.757,7,90.34,Pass
LOT_1004,BATCH_518,WFR_15,1518.0,447.6,686.3,12.56,0.681,10,86.36,Pass
LOT_1004,BATCH_519,WFR_16,1503.4,449.1,658.2,11.77,0.645,6,90.11,Pass
LOT_1004,BATCH_519,WFR_17,1533.9,449.6,657.5,12.8,0.771,8,89.34,Pass
LOT_1004,BATCH_519,WFR_18,1475.4,458.7,665.6,12.46,0.694,8,86.34,Pass
LOT_1004,BATCH_519,WFR_19,1488.5,450.6,621.5,12.67,0.711,9,85.33,Pass
LOT_1004,BATCH_519,WFR_20,1486.3,458.8,676.0,12.15,0.762,9,88.47,Pass
LOT_1004,BATCH_520,WFR_21,1448.8,449.0,648.1,13.01,0.648,10,85.68,Pass
LOT_1004,BATCH_520,WFR_22,1510.4,450.9,666.8,12.92,0.73,10,84.13,Fail
LOT_1004,BATCH_520,WFR_23,1509.1,426.0,623.2,12.73,0.671,7,89.91,Pass
LOT_1004,BATCH_520,WFR_24,1500.2,461.0,611.2,12.45,0.693,7,88.43,Pass
LOT_1004,BATCH_520,WFR_25,1491.8,454.2,670.4,12.73,0.704,7,91.35,Pass
LOT_1005,BATCH_521,WFR_01,1450.5,462.0,659.4,12.22,0.625,9,86.16,Pass
LOT_1005,BATCH_521,WFR_02,1485.3,415.2,627.4,12.84,0.661,10,87.24,Pass
LOT_1005,BATCH_521,WFR_03,1488.0,475.1,628.3,13.16,0.768,7,87.45,Pass
LOT_1005,BATCH_521,WFR_04,1471.9,448.3,678.1,12.93,0.744,11,85.02,Pass
LOT_1005,BATCH_521,WFR_05,1494.4,463.3,620.3,12.21,0.697,9,87.79,Pass
LOT_1005,BATCH_522,WFR_06,1514.1,437.5,691.1,12.64,0.712,11,82.6,Fail
LOT_1005,BATCH_522,WFR_07,1566.0,457.4,627.5,11.98,0.685,13,84.15,Fail
LOT_1005,BATCH_522,WFR_08,1506.1,437.4,666.0,12.73,0.768,5,92.02,Pass
LOT_1005,BATCH_522,WFR_09,1509.0,442.5,641.8,12.68,0.69,12,83.75,Fail
LOT_1005,BATCH_522,WFR_10,1497.4,473.0,665.1,11.75,0.712,7,90.18,Pass
LOT_1005,BATCH_523,WFR_11,1432.8,447.7,636.4,12.04,0.757,11,82.24,Fail
LOT_1005,BATCH_523,WFR_12,1499.1,452.6,645.9,12.39,0.661,5,90.25,Pass
LOT_1005,BATCH_523,WFR_13,1502.1,460.4,651.0,12.38,0.778,7,91.28,Pass
LOT_1005,BATCH_523,WFR_14,1586.2,455.9,624.9,12.02,0.623,13,80.83,Fail
LOT_1005,BATCH_523,WFR_15,1493.3,451.8,668.5,12.66,0.781,9,86.56,Pass
LOT_1005,BATCH_524,WFR_16,1510.6,454.4,637.2,12.6,0.681,4,90.7,Pass
LOT_1005,BATCH_524,WFR_17,1498.8,478.8,644.3,12.42,0.688,5,92.44,Pass
LOT_1005,BATCH_524,WFR_18,1459.1,449.3,625.1,12.2,0.605,10,85.13,Pass
LOT_1005,BATCH_524,WFR_19,1540.0,452.4,585.9,12.92,0.677,15,79.5,Fail
LOT_1005,BATCH_524,WFR_20,1526.3,462.6,645.2,13.16,0.648,11,84.35,Fail
LOT_1005,BATCH_525,WFR_21,1527.7,463.3,710.3,12.31,0.67,15,79.72,Fail
LOT_1005,BATCH_525,WFR_22,1468.2,464.2,669.6,12.26,0.693,13,83.37,Fail
LOT_1005,BATCH_525,WFR_23,1549.1,457.7,649.5,12.7,0.748,9,85.42,Pass
LOT_1005,BATCH_525,WFR_24,1450.9,436.3,643.4,12.36,0.71,12,83.34,Fail
LOT_1005,BATCH_525,WFR_25,1520.5,469.6,650.6,12.44,0.715,10,83.21,Fail
LOT_1006,BATCH_526,WFR_01,1576.7,436.2,663.7,12.8,0.645,11,85.5,Pass
LOT_1006,BATCH_526,WFR_02,1465.3,453.6,620.5,11.74,0.656,11,83.39,Fail
LOT_1006,BATCH_526,WFR_03,1480.2,440.9,677.9,13.03,0.79,11,82.1,Fail
LOT_1006,BATCH_526,WFR_04,1503.5,449.2,667.9,12.53,0.663,6,89.48,Pass
LOT_1006,BATCH_526,WFR_05,1482.4,453.9,668.0,12.34,0.783,8,86.04,Pass
LOT_1006,BATCH_527,WFR_06,1445.7,453.9,661.0,12.46,0.688,12,81.46,Fail
LOT_1006,BATCH_527,WFR_07,1502.4,455.1,650.5,12.48,0.7,2,95.8,Pass
LOT_1006,BATCH_527,WFR_08,1462.8,469.4,666.8,11.81,0.754,9,86.2,Pass
LOT_1006,BATCH_527,WFR_09,1516.6,455.4,664.8,13.1,0.764,5,93.22,Pass
LOT_1006,BATCH_527,WFR_10,1467.8,447.1,641.1,12.52,0.694,12,82.92,Fail
LOT_1006,BATCH_528,WFR_11,1554.2,461.6,635.7,12.68,0.681,13,83.25,Fail
LOT_1006,BATCH_528,WFR_12,1472.6,464.3,652.5,12.88,0.697,5,90.28,Pass
LOT_1006,BATCH_528,WFR_13,1488.7,435.3,688.7,12.09,0.717,11,84.16,Fail
LOT_1006,BATCH_528,WFR_14,1528.5,457.2,619.0,12.69,0.745,12,83.54,Fail
LOT_1006,BATCH_528,WFR_15,1456.9,458.4,613.3,12.39,0.7,15,80.66,Fail
LOT_1006,BATCH_529,WFR_16,1508.0,446.4,654.1,12.84,0.731,8,85.41,Pass
LOT_1006,BATCH_529,WFR_17,1545.7,466.5,651.3,11.65,0.782,11,86.44,Pass
LOT_1006,BATCH_529,WFR_18,1443.7,448.2,654.3,12.46,0.719,11,86.58,Pass
LOT_1006,BATCH_529,WFR_19,1506.5,451.5,656.1,12.26,0.716,6,91.71,Pass
LOT_1006,BATCH_529,WFR_20,1509.1,447.9,644.4,12.67,0.624,6,87.94,Pass
LOT_1006,BATCH_530,WFR_21,1527.4,450.2,687.2,12.69,0.568,15,77.1,Fail
LOT_1006,BATCH_530,WFR_22,1456.7,436.8,610.0,12.22,0.719,16,77.53,Fail
LOT_1006,BATCH_530,WFR_23,1453.8,432.7,629.3,12.22,0.695,10,83.6,Fail
LOT_1006,BATCH_530,WFR_24,1518.3,469.1,647.4,12.46,0.674,7,90.53,Pass
LOT_1006,BATCH_530,WFR_25,1510.4,439.8,608.9,12.14,0.712,14,78.34,Fail
LOT_1007,BATCH_531,WFR_01,1508.8,438.1,645.6,12.84,0.697,6,92.09,Pass
LOT_1007,BATCH_531,WFR_02,1512.1,424.2,691.5,12.35,0.756,8,89.89,Pass
LOT_1007,BATCH_531,WFR_03,1476.2,442.3,650.5,11.34,0.704,5,93.44,Pass
LOT_1007,BATCH_531,WFR_04,1508.1,434.1,655.8,12.35,0.663,8,87.53,Pass
LOT_1007,BATCH_531,WFR_05,1510.3,469.7,618.5,12.08,0.75,8,86.5,Pass
LOT_1007,BATCH_532,WFR_06,1475.0,462.1,634.6,11.85,0.689,12,83.77,Fail
LOT_1007,BATCH_532,WFR_07,1565.3,441.7,640.6,12.01,0.726,8,85.51,Pass
LOT_1007,BATCH_532,WFR_08,1516.6,477.0,642.1,12.54,0.676,7,89.43,Pass
LOT_1007,BATCH_532,WFR_09,1458.3,461.8,682.0,13.03,0.668,10,87.25,Pass
LOT_1007,BATCH_532,WFR_10,1523.0,446.1,663.9,12.63,0.704,9,86.87,Pass
LOT_1007,BATCH_533,WFR_11,1465.9,420.0,622.2,12.26,0.701,11,83.4,Fail
LOT_1007,BATCH_533,WFR_12,1527.5,477.5,656.2,12.68,0.724,5,89.84,Pass
LOT_1007,BATCH_533,WFR_13,1540.6,433.3,662.5,12.32,0.687,12,83.31,Fail
LOT_1007,BATCH_533,WFR_14,1471.3,430.3,678.5,12.22,0.608,8,87.43,Pass
LOT_1007,BATCH_533,WFR_15,1533.7,462.3,689.5,12.04,0.678,12,84.26,Fail
LOT_1007,BATCH_534,WFR_16,1514.4,479.3,624.6,11.8,0.74,9,85.97,Pass
LOT_1007,BATCH_534,WFR_17,1528.8,466.6,629.7,12.34,0.685,9,84.27,Fail
LOT_1007,BATCH_534,WFR_18,1566.4,456.8,618.6,12.56,0.688,13,84.15,Fail
LOT_1007,BATCH_534,WFR_19,1491.4,457.1,644.1,12.46,0.749,6,88.37,Pass
LOT_1007,BATCH_534,WFR_20,1473.6,460.2,661.7,12.33,0.664,8,87.59,Pass
LOT_1007,BATCH_535,WFR_21,1468.9,459.1,674.7,12.12,0.623,10,86.74,Pass
LOT_1007,BATCH_535,WFR_22,1471.4,453.4,648.1,12.74,0.692,8,85.63,Pass
LOT_1007,BATCH_535,WFR_23,1497.3,451.3,642.0,11.97,0.676,8,87.98,Pass
LOT_1007,BATCH_535,WFR_24,1511.9,449.2,653.8,12.81,0.652,7,89.94,Pass
LOT_1007,BATCH_535,WFR_25,1509.7,441.0,629.1,12.1,0.691,9,88.29,Pass
LOT_1008,BATCH_536,WFR_01,1529.0,446.6,702.2,12.2,0.725,17,78.38,Fail
LOT_1008,BATCH_536,WFR_02,1500.5,429.7,609.8,11.91,0.7,10,83.84,Fail
LOT_1008,BATCH_536,WFR_03,1550.9,448.8,654.6,12.3,0.715,7,88.53,Pass
LOT_1008,BATCH_536,WFR_04,1490.7,438.1,700.6,12.89,0.791,11,82.23,Fail
LOT_1008,BATCH_536,WFR_05,1595.2,436.8,650.2,12.71,0.683,14,82.04,Fail
LOT_1008,BATCH_537,WFR_06,1521.9,452.2,645.2,12.89,0.714,5,93.39,Pass
LOT_1008,BATCH_537,WFR_07,1470.0,466.7,641.1,12.71,0.675,7,91.57,Pass
LOT_1008,BATCH_537,WFR_08,1462.5,461.0,645.5,12.06,0.658,9,86.66,Pass
LOT_1008,BATCH_537,WFR_09,1516.9,431.2,684.3,12.37,0.671,11,81.81,Fail
LOT_1008,BATCH_537,WFR_10,1492.2,438.1,594.7,12.19,0.676,13,80.93,Fail
LOT_1008,BATCH_538,WFR_11,1525.0,461.3,688.3,13.03,0.718,9,87.66,Pass
LOT_1008,BATCH_538,WFR_12,1516.6,438.2,614.4,12.02,0.817,12,81.22,Fail
LOT_1008,BATCH_538,WFR_13,1497.5,447.3,643.3,12.86,0.664,5,90.09,Pass
LOT_1008,BATCH_538,WFR_14,1470.4,456.6,639.3,12.86,0.679,7,91.52,Pass
LOT_1008,BATCH_538,WFR_15,1447.0,438.4,664.7,13.23,0.697,10,83.92,Fail
LOT_1008,BATCH_539,WFR_16,1484.4,451.3,610.0,12.34,0.72,8,88.9,Pass
LOT_1008,BATCH_539,WFR_17,1530.0,434.0,661.6,12.78,0.713,10,87.25,Pass
LOT_1008,BATCH_539,WFR_18,1507.5,442.8,700.6,13.41,0.764,15,80.87,Fail
LOT_1008,BATCH_539,WFR_19,1456.4,453.8,615.9,12.25,0.579,13,82.06,Fail
LOT_1008,BATCH_539,WFR_20,1506.1,430.9,654.7,11.89,0.581,7,89.48,Pass
LOT_1008,BATCH_540,WFR_21,1513.5,455.3,633.5,11.75,0.675,8,88.96,Pass
LOT_1008,BATCH_540,WFR_22,1469.1,449.8,660.6,12.79,0.755,9,88.34,Pass
LOT_1008,BATCH_540,WFR_23,1505.4,456.6,650.5,11.75,0.622,7,87.79,Pass
LOT_1008,BATCH_540,WFR_24,1502.0,452.7,634.0,12.35,0.55,6,87.85,Pass
LOT_1008,BATCH_540,WFR_25,1460.0,466.4,662.2,12.67,0.729,9,85.31,Pass
LOT_1009,BATCH_541,WFR_01,1512.5,451.5,695.1,12.57,0.712,11,85.32,Pass
LOT_1009,BATCH_541,WFR_02,1519.6,444.8,645.2,12.67,0.645,7,90.38,Pass
LOT_1009,BATCH_541,WFR_03,1537.9,451.5,668.0,12.59,0.651,9,88.11,Pass
LOT_1009,BATCH_541,WFR_04,1536.9,456.5,617.7,13.01,0.652,11,86.12,Pass
LOT_1009,BATCH_541,WFR_05,1451.8,450.6,626.1,12.12,0.706,14,80.44,Fail
LOT_1009,BATCH_542,WFR_06,1467.2,450.5,661.8,12.23,0.669,9,86.17,Pass
LOT_1009,BATCH_542,WFR_07,1518.0,441.6,687.1,12.19,0.725,10,84.47,Fail
LOT_1009,BATCH_542,WFR_08,1518.0,442.0,658.9,12.83,0.557,6,89.4,Pass
LOT_1009,BATCH_542,WFR_09,1518.0,433.2,642.2,12.86,0.657,11,85.34,Pass
LOT_1009,BATCH_542,WFR_10,1634.8,471.0,650.0,12.68,0.644,18,76.75,Fail
LOT_1009,BATCH_543,WFR_11,1520.0,435.1,618.7,12.97,0.687,11,83.39,Fail
LOT_1009,BATCH_543,WFR_12,1539.7,441.7,665.1,12.03,0.673,9,87.45,Pass
LOT_1009,BATCH_543,WFR_13,1533.4,441.4,672.1,13.17,0.74,13,83.34,Fail
LOT_1009,BATCH_543,WFR_14,1522.8,460.7,638.7,13.11,0.607,9,87.33,Pass
LOT_1009,BATCH_543,WFR_15,1489.0,446.5,638.2,12.79,0.702,8,89.04,Pass
LOT_1009,BATCH_544,WFR_16,1526.6,465.0,656.6,13.21,0.728,5,93.56,Pass
LOT_1009,BATCH_544,WFR_17,1473.0,441.9,639.1,11.84,0.793,10,83.85,Fail
LOT_1009,BATCH_544,WFR_18,1491.7,453.3,648.3,12.29,0.676,5,89.73,Pass
LOT_1009,BATCH_544,WFR_19,1483.0,440.0,702.5,12.21,0.716,15,80.9,Fail
LOT_1009,BATCH_544,WFR_20,1502.9,475.7,643.8,12.79,0.61,9,88.88,Pass
LOT_1009,BATCH_545,WFR_21,1581.0,435.7,641.0,12.08,0.58,14,79.51,Fail
LOT_1009,BATCH_545,WFR_22,1434.6,453.7,633.8,12.8,0.742,11,85.74,Pass
LOT_1009,BATCH_545,WFR_23,1524.0,457.6,668.6,13.05,0.7,8,88.43,Pass
LOT_1009,BATCH_545,WFR_24,1443.6,455.0,645.5,12.78,0.759,10,87.68,Pass
LOT_1009,BATCH_545,WFR_25,1483.5,447.8,633.8,12.61,0.631,6,91.67,Pass
LOT_1010,BATCH_546,WFR_01,1538.1,448.4,683.0,12.1,0.726,12,81.64,Fail
LOT_1010,BATCH_546,WFR_02,1502.2,450.5,685.5,12.16,0.793,12,81.58,Fail
LOT_1010,BATCH_546,WFR_03,1462.3,448.2,635.0,13.0,0.721,13,83.36,Fail
LOT_1010,BATCH_546,WFR_04,1475.0,461.6,603.3,12.81,0.714,13,82.72,Fail
LOT_1010,BATCH_546,WFR_05,1523.8,476.5,675.2,12.48,0.7,10,87.33,Pass
LOT_1010,BATCH_547,WFR_06,1474.4,443.3,632.9,12.33,0.621,12,85.23,Pass
LOT_1010,BATCH_547,WFR_07,1507.6,433.6,669.8,11.69,0.768,8,85.44,Pass
LOT_1010,BATCH_547,WFR_08,1501.6,448.9,600.7,12.07,0.669,10,84.72,Fail
LOT_1010,BATCH_547,WFR_09,1477.2,481.0,672.3,13.26,0.725,8,87.69,Pass
LOT_1010,BATCH_547,WFR_10,1575.0,440.4,619.7,11.99,0.622,17,75.77,Fail
LOT_1010,BATCH_548,WFR_11,1522.2,469.7,668.3,12.58,0.641,8,86.2,Pass
LOT_1010,BATCH_548,WFR_12,1429.1,470.1,650.4,12.9,0.772,10,83.97,Fail
LOT_1010,BATCH_548,WFR_13,1506.5,443.4,626.2,12.0,0.683,8,90.32,Pass
LOT_1010,BATCH_548,WFR_14,1476.8,456.8,639.8,12.57,0.773,6,91.87,Pass
LOT_1010,BATCH_548,WFR_15,1529.8,469.5,667.2,12.88,0.696,10,84.73,Fail
LOT_1010,BATCH_549,WFR_16,1472.3,445.5,652.6,12.5,0.608,7,89.72,Pass
LOT_1010,BATCH_549,WFR_17,1496.0,447.6,664.6,13.65,0.745,8,85.49,Pass
LOT_1010,BATCH_549,WFR_18,1517.7,443.0,699.4,11.83,0.671,12,82.27,Fail
LOT_1010,BATCH_549,WFR_19,1530.3,437.8,610.9,12.92,0.735,12,80.82,Fail
LOT_1010,BATCH_549,WFR_20,1458.0,442.2,690.4,12.43,0.701,10,86.99,Pass
LOT_1010,BATCH_550,WFR_21,1488.3,435.3,652.6,12.81,0.623,6,88.48,Pass
LOT_1010,BATCH_550,WFR_22,1483.4,450.4,627.5,12.68,0.708,7,89.99,Pass
LOT_1010,BATCH_550,WFR_23,1477.1,440.8,616.7,12.21,0.81,9,84.25,Fail
LOT_1010,BATCH_550,WFR_24,1561.8,452.8,645.3,12.59,0.725,11,86.01,Pass
LOT_1010,BATCH_550,WFR_25,1514.2,431.3,673.0,11.76,0.697,8,87.82,Pass
LOT_1011,BATCH_551,WFR_01,1455.9,454.0,646.8,12.74,0.754,7,87.64,Pass
LOT_1011,BATCH_551,WFR_02,1532.1,460.0,687.8,12.62,0.711,11,84.64,Fail
LOT_1011,BATCH_551,WFR_03,1574.3,426.1,613.7,12.76,0.71,13,82.06,Fail
LOT_1011,BATCH_551,WFR_04,1536.1,454.5,649.7,12.92,0.645,9,84.27,Fail
LOT_1011,BATCH_551,WFR_05,1446.8,464.7,618.7,12.65,0.712,15,79.87,Fail
LOT_1011,BATCH_552,WFR_06,1483.1,435.5,659.1,12.56,0.752,6,89.78,Pass
LOT_1011,BATCH_552,WFR_07,1544.3,470.1,672.2,12.15,0.658,11,86.53,Pass
LOT_1011,BATCH_552,WFR_08,1475.2,455.0,639.5,12.22,0.771,7,87.39,Pass
LOT_1011,BATCH_552,WFR_09,1515.5,441.5,584.9,12.97,0.695,15,78.76,Fail
LOT_1011,BATCH_552,WFR_10,1527.1,449.3,655.0,13.07,0.656,9,87.18,Pass
LOT_1011,BATCH_553,WFR_11,1467.6,456.7,660.9,12.4,0.75,6,92.72,Pass
LOT_1011,BATCH_553,WFR_12,1497.9,450.9,660.1,12.52,0.686,3,93.44,Pass
LOT_1011,BATCH_553,WFR_13,1386.6,456.5,680.9,12.14,0.738,18,78.34,Fail
LOT_1011,BATCH_553,WFR_14,1464.1,439.0,623.2,12.97,0.685,8,90.39,Pass
LOT_1011,BATCH_553,WFR_15,1491.2,452.0,667.0,12.77,0.697,10,84.92,Fail
LOT_1011,BATCH_554,WFR_16,1456.3,433.0,679.8,13.28,0.725,11,85.85,Pass
LOT_1011,BATCH_554,WFR_17,1557.1,448.7,605.5,12.15,0.715,15,81.04,Fail
LOT_1011,BATCH_554,WFR_18,1449.9,439.2,658.0,12.35,0.6,12,82.33,Fail
LOT_1011,BATCH_554,WFR_19,1484.6,441.2,637.4,12.59,0.644,8,90.13,Pass
LOT_1011,BATCH_554,WFR_20,1504.6,464.8,648.0,12.76,0.746,8,88.83,Pass
LOT_1011,BATCH_555,WFR_21,1550.4,463.1,658.7,12.41,0.693,6,92.05,Pass
LOT_1011,BATCH_555,WFR_22,1449.7,457.3,637.8,12.15,0.674,9,86.3,Pass
LOT_1011,BATCH_555,WFR_23,1540.7,436.9,633.1,12.85,0.632,10,84.69,Fail
LOT_1011,BATCH_555,WFR_24,1500.4,446.2,650.9,12.79,0.646,9,85.59,Pass
LOT_1011,BATCH_555,WFR_25,1465.6,464.6,622.8,12.13,0.599,10,86.72,Pass
LOT_1012,BATCH_556,WFR_01,1516.2,451.7,622.9,13.04,0.695,10,87.55,Pass
LOT_1012,BATCH_556,WFR_02,1507.0,477.8,667.0,12.97,0.67,9,88.81,Pass
LOT_1012,BATCH_556,WFR_03,1479.0,454.7,621.3,12.55,0.652,11,84.67,Fail
LOT_1012,BATCH_556,WFR_04,1502.4,452.3,666.7,12.53,0.697,5,89.27,Pass
LOT_1012,BATCH_556,WFR_05,1486.5,446.3,661.6,12.72,0.718,6,91.71,Pass
LOT_1012,BATCH_557,WFR_06,1504.0,451.6,606.9,12.16,0.805,11,85.52,Pass
LOT_1012,BATCH_557,WFR_07,1523.2,448.2,633.1,12.51,0.624,11,86.3,Pass
LOT_1012,BATCH_557,WFR_08,1555.5,458.5,679.9,11.64,0.758,14,80.17,Fail
LOT_1012,BATCH_557,WFR_09,1456.7,461.5,625.5,12.85,0.749,13,81.0,Fail
LOT_1012,BATCH_557,WFR_10,1574.7,440.6,638.4,11.88,0.661,12,82.39,Fail
LOT_1012,BATCH_558,WFR_11,1431.7,434.0,661.6,13.1,0.71,14,78.89,Fail
LOT_1012,BATCH_558,WFR_12,1494.7,428.0,669.6,12.37,0.677,7,89.17,Pass
LOT_1012,BATCH_558,WFR_13,1520.6,456.1,643.7,12.42,0.709,11,86.13,Pass
LOT_1012,BATCH_558,WFR_14,1509.8,436.8,635.1,12.25,0.775,8,88.95,Pass
LOT_1012,BATCH_558,WFR_15,1478.2,424.2,685.6,12.38,0.73,11,83.49,Fail
LOT_1012,BATCH_559,WFR_16,1492.7,454.7,693.5,13.07,0.725,10,84.93,Fail
LOT_1012,BATCH_559,WFR_17,1482.7,479.9,674.5,11.5,0.678,9,86.54,Pass
LOT_1012,BATCH_559,WFR_18,1479.4,449.9,652.1,13.01,0.626,4,91.79,Pass
LOT_1012,BATCH_559,WFR_19,1529.7,460.1,629.8,12.64,0.69,8,87.21,Pass
LOT_1012,BATCH_559,WFR_20,1512.5,451.0,629.2,12.02,0.76,11,82.39,Fail
LOT_1012,BATCH_560,WFR_21,1475.7,448.8,663.1,12.07,0.624,9,86.27,Pass
LOT_1012,BATCH_560,WFR_22,1531.5,461.0,660.5,13.17,0.647,10,84.11,Fail
LOT_1012,BATCH_560,WFR_23,1510.8,446.5,685.0,12.12,0.706,12,84.36,Fail
LOT_1012,BATCH_560,WFR_24,1528.5,453.2,666.3,12.04,0.651,6,89.41,Pass
LOT_1012,BATCH_560,WFR_25,1522.0,453.9,612.4,12.95,0.66,13,79.89,Fail
LOT_1013,BATCH_561,WFR_01,1471.0,442.0,676.3,12.64,0.679,11,84.87,Fail
LOT_1013,BATCH_561,WFR_02,1480.4,461.9,625.0,12.12,0.632,10,84.1,Fail
LOT_1013,BATCH_561,WFR_03,1526.2,447.9,640.4,12.59,0.651,10,84.38,Fail
LOT_1013,BATCH_561,WFR_04,1521.4,440.9,656.3,12.09,0.735,9,88.9,Pass
LOT_1013,BATCH_561,WFR_05,1499.3,456.4,699.9,12.94,0.635,11,83.89,Fail
LOT_1013,BATCH_562,WFR_06,1504.1,439.2,727.7,12.92,0.62,10,87.35,Pass
LOT_1013,BATCH_562,WFR_07,1544.7,450.3,665.2,12.71,0.668,13,79.56,Fail
LOT_1013,BATCH_562,WFR_08,1479.3,449.9,645.4,12.64,0.737,7,87.54,Pass
LOT_1013,BATCH_562,WFR_09,1519.1,463.0,663.4,13.2,0.69,8,89.85,Pass
LOT_1013,BATCH_562,WFR_10,1492.9,455.7,672.2,12.5,0.677,9,88.59,Pass
LOT_1013,BATCH_563,WFR_11,1492.4,449.7,642.0,12.03,0.702,10,85.03,Pass
LOT_1013,BATCH_563,WFR_12,1538.5,459.8,694.9,12.68,0.613,13,82.68,Fail
LOT_1013,BATCH_563,WFR_13,1528.9,466.7,655.8,13.33,0.725,9,89.03,Pass
LOT_1013,BATCH_563,WFR_14,1528.5,456.7,662.4,12.09,0.719,8,87.69,Pass
LOT_1013,BATCH_563,WFR_15,1545.7,450.1,666.6,12.36,0.68,7,89.66,Pass
LOT_1013,BATCH_564,WFR_16,1500.7,434.3,660.5,12.67,0.75,4,94.69,Pass
LOT_1013,BATCH_564,WFR_17,1523.9,437.2,671.0,12.48,0.644,9,85.19,Pass
LOT_1013,BATCH_564,WFR_18,1489.1,446.3,634.6,12.11,0.756,8,85.82,Pass
LOT_1013,BATCH_564,WFR_19,1511.3,442.7,636.0,12.95,0.708,7,87.82,Pass
LOT_1013,BATCH_564,WFR_20,1495.4,447.8,622.5,13.43,0.683,9,85.09,Pass
LOT_1013,BATCH_565,WFR_21,1503.4,450.7,661.0,12.58,0.699,4,94.12,Pass
LOT_1013,BATCH_565,WFR_22,1520.8,456.4,669.5,12.14,0.695,6,91.48,Pass
LOT_1013,BATCH_565,WFR_23,1471.4,449.2,661.4,11.88,0.761,9,88.16,Pass
LOT_1013,BATCH_565,WFR_24,1573.2,455.8,691.9,12.6,0.646,16,76.97,Fail
LOT_1013,BATCH_565,WFR_25,1464.8,450.8,649.9,12.94,0.662,8,85.66,Pass
LOT_1014,BATCH_566,WFR_01,1457.5,426.3,666.7,12.69,0.752,12,82.02,Fail
LOT_1014,BATCH_566,WFR_02,1540.5,438.7,622.7,12.5,0.67,11,82.39,Fail
LOT_1014,BATCH_566,WFR_03,1527.7,448.3,640.3,12.26,0.745,13,81.21,Fail
LOT_1014,BATCH_566,WFR_04,1521.8,435.5,667.4,12.06,0.785,11,84.86,Fail
LOT_1014,BATCH_566,WFR_05,1522.0,457.2,671.2,12.83,0.68,6,90.67,Pass
LOT_1014,BATCH_567,WFR_06,1499.6,468.4,642.7,12.87,0.734,4,94.82,Pass
LOT_1014,BATCH_567,WFR_07,1468.6,464.6,648.2,11.88,0.642,7,91.44,Pass
LOT_1014,BATCH_567,WFR_08,1502.7,447.4,612.1,13.14,0.738,11,83.32,Fail
LOT_1014,BATCH_567,WFR_09,1476.3,467.9,641.1,12.73,0.71,10,85.81,Pass
LOT_1014,BATCH_567,WFR_10,1534.1,451.8,672.3,13.06,0.724,10,85.24,Pass
LOT_1014,BATCH_568,WFR_11,1494.9,446.0,664.4,11.96,0.668,7,88.81,Pass
LOT_1014,BATCH_568,WFR_12,1471.1,442.6,662.5,11.95,0.617,9,87.81,Pass
LOT_1014,BATCH_568,WFR_13,1488.8,446.4,651.2,12.44,0.725,4,92.82,Pass
LOT_1014,BATCH_568,WFR_14,1514.5,445.3,650.2,12.7,0.597,4,92.85,Pass
LOT_1014,BATCH_568,WFR_15,1480.3,452.0,633.5,13.22,0.684,11,84.86,Fail
LOT_1014,BATCH_569,WFR_16,1471.2,451.9,667.5,12.78,0.747,8,86.3,Pass
LOT_1014,BATCH_569,WFR_17,1508.5,450.0,660.5,12.4,0.71,10,85.74,Pass
LOT_1014,BATCH_569,WFR_18,1508.6,455.2,662.3,12.09,0.797,10,84.98,Fail
LOT_1014,BATCH_569,WFR_19,1482.3,464.3,636.8,12.99,0.751,8,85.92,Pass
LOT_1014,BATCH_569,WFR_20,1483.5,461.4,596.2,12.11,0.667,13,80.07,Fail
LOT_1014,BATCH_570,WFR_21,1508.1,432.2,677.4,13.15,0.701,7,87.15,Pass
LOT_1014,BATCH_570,WFR_22,1449.3,419.4,638.0,12.39,0.698,9,87.85,Pass
LOT_1014,BATCH_570,WFR_23,1450.7,461.2,628.4,13.14,0.621,13,84.23,Fail
LOT_1014,BATCH_570,WFR_24,1474.9,433.6,667.3,12.77,0.653,9,87.89,Pass
LOT_1014,BATCH_570,WFR_25,1492.5,447.3,640.2,12.45,0.672,6,91.41,Pass
LOT_1015,BATCH_571,WFR_01,1510.9,436.0,676.5,12.29,0.598,10,83.45,Fail
LOT_1015,BATCH_571,WFR_02,1551.6,428.4,665.4,12.36,0.702,9,85.95,Pass
LOT_1015,BATCH_571,WFR_03,1530.0,456.5,667.1,12.67,0.688,17,79.19,Fail
LOT_1015,BATCH_571,WFR_04,1494.4,459.1,615.9,12.53,0.616,6,92.12,Pass
LOT_1015,BATCH_571,WFR_05,1499.3,443.1,680.3,12.26,0.72,10,87.22,Pass
LOT_1015,BATCH_572,WFR_06,1464.9,418.9,656.5,12.43,0.736,5,90.85,Pass
LOT_1015,BATCH_572,WFR_07,1499.4,443.4,640.8,12.53,0.711,7,87.92,Pass
LOT_1015,BATCH_572,WFR_08,1489.9,454.7,653.6,11.65,0.684,2,93.3,Pass
LOT_1015,BATCH_572,WFR_09,1511.3,432.3,605.6,12.68,0.73,10,83.3,Fail
LOT_1015,BATCH_572,WFR_10,1471.0,452.2,660.2,12.11,0.734,7,90.59,Pass
LOT_1015,BATCH_573,WFR_11,1518.2,449.8,624.3,12.04,0.715,8,88.85,Pass
LOT_1015,BATCH_573,WFR_12,1553.6,457.0,616.2,11.83,0.659,14,82.0,Fail
LOT_1015,BATCH_573,WFR_13,1496.2,451.4,611.9,11.78,0.714,10,86.21,Pass
LOT_1015,BATCH_573,WFR_14,1514.1,438.3,677.8,11.96,0.76,10,83.43,Fail
LOT_1015,BATCH_573,WFR_15,1524.2,464.4,634.3,12.22,0.67,13,81.52,Fail
LOT_1015,BATCH_574,WFR_16,1486.0,448.1,688.3,13.28,0.805,9,85.51,Pass
LOT_1015,BATCH_574,WFR_17,1507.8,449.7,636.6,12.29,0.674,5,91.55,Pass
LOT_1015,BATCH_574,WFR_18,1500.4,438.8,607.3,12.57,0.702,11,86.66,Pass
LOT_1015,BATCH_574,WFR_19,1503.4,444.7,622.1,12.66,0.666,10,87.68,Pass
LOT_1015,BATCH_574,WFR_20,1472.9,439.4,680.9,12.55,0.711,9,86.51,Pass
LOT_1015,BATCH_575,WFR_21,1500.9,447.9,646.1,12.47,0.613,8,86.81,Pass
LOT_1015,BATCH_575,WFR_22,1517.4,470.5,636.3,12.02,0.673,7,90.52,Pass
LOT_1015,BATCH_575,WFR_23,1550.8,433.5,654.0,13.08,0.645,6,89.19,Pass
LOT_1015,BATCH_575,WFR_24,1533.6,430.6,662.5,13.22,0.707,11,82.75,Fail
LOT_1015,BATCH_575,WFR_25,1575.4,467.7,677.9,11.83,0.75,17,77.54,Fail
LOT_1016,BATCH_576,WFR_01,1473.1,447.5,686.2,12.09,0.732,9,85.47,Pass
LOT_1016,BATCH_576,WFR_02,1530.5,442.0,641.0,12.39,0.581,9,87.18,Pass
LOT_1016,BATCH_576,WFR_03,1506.4,462.5,616.8,12.11,0.802,11,83.41,Fail
LOT_1016,BATCH_576,WFR_04,1576.6,442.7,639.7,12.7,0.715,17,75.78,Fail
LOT_1016,BATCH_576,WFR_05,1471.7,471.9,656.5,12.21,0.661,6,87.84,Pass
LOT_1016,BATCH_577,WFR_06,1470.6,458.1,625.9,13.37,0.708,9,87.47,Pass
LOT_1016,BATCH_577,WFR_07,1479.0,444.1,626.1,12.98,0.709,15,79.94,Fail
LOT_1016,BATCH_577,WFR_08,1425.7,475.9,658.6,12.59,0.667,11,85.97,Pass
LOT_1016,BATCH_577,WFR_09,1481.6,442.7,648.8,12.91,0.71,6,91.78,Pass
LOT_1016,BATCH_577,WFR_10,1473.4,458.9,650.8,12.94,0.67,6,89.33,Pass
LOT_1016,BATCH_578,WFR_11,1505.3,453.6,631.0,12.27,0.68,10,83.41,Fail
LOT_1016,BATCH_578,WFR_12,1512.0,465.6,644.2,12.17,0.666,10,86.03,Pass
LOT_1016,BATCH_578,WFR_13,1565.7,468.7,626.9,12.53,0.628,14,82.3,Fail
LOT_1016,BATCH_578,WFR_14,1533.3,450.4,672.3,12.84,0.707,12,84.17,Fail
LOT_1016,BATCH_578,WFR_15,1479.8,441.0,675.9,12.56,0.729,8,88.12,Pass
LOT_1016,BATCH_579,WFR_16,1468.6,455.5,603.8,11.87,0.726,13,82.95,Fail
LOT_1016,BATCH_579,WFR_17,1517.2,441.9,626.8,12.18,0.741,10,86.83,Pass
LOT_1016,BATCH_579,WFR_18,1453.8,474.2,612.6,12.47,0.716,10,84.32,Fail
LOT_1016,BATCH_579,WFR_19,1564.1,451.6,633.7,12.47,0.673,15,81.96,Fail
LOT_1016,BATCH_579,WFR_20,1541.3,445.6,647.9,13.29,0.742,9,86.5,Pass
LOT_1016,BATCH_580,WFR_21,1483.6,452.2,613.8,11.95,0.632,10,84.03,Fail
LOT_1016,BATCH_580,WFR_22,1440.0,433.8,627.0,12.7,0.655,12,84.27,Fail
LOT_1016,BATCH_580,WFR_23,1547.4,438.3,624.9,13.1,0.652,9,86.18,Pass
LOT_1016,BATCH_580,WFR_24,1496.0,464.4,655.2,13.41,0.754,6,89.46,Pass
LOT_1016,BATCH_580,WFR_25,1543.3,442.1,651.7,12.34,0.747,9,85.92,Pass
LOT_1017,BATCH_581,WFR_01,1444.2,437.4,632.0,12.7,0.724,11,84.57,Fail
LOT_1017,BATCH_581,WFR_02,1479.0,456.4,654.4,12.73,0.754,4,93.47,Pass
LOT_1017,BATCH_581,WFR_03,1500.2,464.2,636.3,12.58,0.656,6,88.62,Pass
LOT_1017,BATCH_581,WFR_04,1501.6,458.6,643.2,12.46,0.717,5,90.21,Pass
LOT_1017,BATCH_581,WFR_05,1484.2,462.0,691.8,12.67,0.694,7,89.99,Pass
LOT_1017,BATCH_582,WFR_06,1521.8,440.9,683.5,11.49,0.742,14,82.68,Fail
LOT_1017,BATCH_582,WFR_07,1462.6,432.9,617.5,12.77,0.694,11,86.44,Pass
LOT_1017,BATCH_582,WFR_08,1495.0,468.0,670.7,12.55,0.681,13,83.93,Fail
LOT_1017,BATCH_582,WFR_09,1504.2,446.1,670.3,12.41,0.727,9,86.29,Pass
LOT_1017,BATCH_582,WFR_10,1518.0,447.0,621.3,13.32,0.744,8,90.14,Pass
LOT_1017,BATCH_583,WFR_11,1524.9,465.9,670.5,12.23,0.667,11,85.12,Pass
LOT_1017,BATCH_583,WFR_12,1460.6,456.7,688.4,12.34,0.697,12,81.83,Fail
LOT_1017,BATCH_583,WFR_13,1446.3,455.5,621.9,13.3,0.647,11,85.33,Pass
LOT_1017,BATCH_583,WFR_14,1544.7,476.0,627.1,12.17,0.575,9,85.38,Pass
LOT_1017,BATCH_583,WFR_15,1511.6,442.3,675.4,12.28,0.71,7,87.87,Pass
LOT_1017,BATCH_584,WFR_16,1473.8,461.1,656.8,12.44,0.73,8,89.17,Pass
LOT_1017,BATCH_584,WFR_17,1554.3,450.7,663.8,12.84,0.713,9,85.56,Pass
LOT_1017,BATCH_584,WFR_18,1504.0,453.2,658.5,12.58,0.603,5,90.26,Pass
LOT_1017,BATCH_584,WFR_19,1541.3,468.3,659.8,11.98,0.682,8,88.41,Pass
LOT_1017,BATCH_584,WFR_20,1502.4,456.1,616.8,12.29,0.589,10,86.95,Pass
LOT_1017,BATCH_585,WFR_21,1572.1,456.5,676.2,12.26,0.768,14,80.59,Fail
LOT_1017,BATCH_585,WFR_22,1561.4,462.9,679.2,12.47,0.646,14,78.59,Fail
LOT_1017,BATCH_585,WFR_23,1491.3,445.6,644.3,12.67,0.763,5,90.8,Pass
LOT_1017,BATCH_585,WFR_24,1534.0,439.9,648.9,12.67,0.747,7,90.74,Pass
LOT_1017,BATCH_585,WFR_25,1522.6,437.5,611.7,11.79,0.655,13,80.99,Fail
LOT_1018,BATCH_586,WFR_01,1547.9,426.4,662.9,12.93,0.643,10,85.86,Pass
LOT_1018,BATCH_586,WFR_02,1466.2,474.7,664.3,12.6,0.718,11,83.84,Fail
LOT_1018,BATCH_586,WFR_03,1524.0,436.8,648.4,13.05,0.658,6,89.13,Pass
LOT_1018,BATCH_586,WFR_04,1537.0,447.3,678.1,12.68,0.705,12,83.03,Fail
LOT_1018,BATCH_586,WFR_05,1438.4,446.7,641.6,12.94,0.676,11,82.73,Fail
LOT_1018,BATCH_587,WFR_06,1458.6,453.7,664.1,12.69,0.611,9,85.59,Pass
LOT_1018,BATCH_587,WFR_07,1428.6,459.8,624.5,13.04,0.588,14,80.12,Fail
LOT_1018,BATCH_587,WFR_08,1490.6,460.3,649.4,12.71,0.711,4,94.45,Pass
LOT_1018,BATCH_587,WFR_09,1525.1,443.0,645.6,12.46,0.672,7,87.42,Pass
LOT_1018,BATCH_587,WFR_10,1552.6,448.0,655.6,13.41,0.672,11,82.12,Fail
LOT_1018,BATCH_588,WFR_11,1502.6,453.4,640.8,12.86,0.735,7,90.92,Pass
LOT_1018,BATCH_588,WFR_12,1557.0,447.0,646.7,12.73,0.759,6,90.36,Pass
LOT_1018,BATCH_588,WFR_13,1451.7,469.3,670.7,11.99,0.686,10,86.71,Pass
LOT_1018,BATCH_588,WFR_14,1440.4,455.9,639.1,11.98,0.683,10,84.23,Fail
LOT_1018,BATCH_588,WFR_15,1498.1,458.8,609.8,12.62,0.725,11,83.19,Fail
LOT_1018,BATCH_589,WFR_16,1513.4,458.0,693.7,12.56,0.632,10,87.3,Pass
LOT_1018,BATCH_589,WFR_17,1498.9,464.1,684.5,12.25,0.711,7,87.21,Pass
LOT_1018,BATCH_589,WFR_18,1427.6,452.2,617.7,12.56,0.728,24,70.3,Fail
LOT_1018,BATCH_589,WFR_19,1496.9,434.4,667.2,13.14,0.734,7,87.61,Pass
LOT_1018,BATCH_589,WFR_20,1454.3,454.8,637.4,12.78,0.603,9,86.92,Pass
LOT_1018,BATCH_590,WFR_21,1523.4,442.2,656.6,12.04,0.662,8,88.76,Pass
LOT_1018,BATCH_590,WFR_22,1512.8,443.7,657.4,12.46,0.656,7,90.81,Pass
LOT_1018,BATCH_590,WFR_23,1467.1,457.0,644.1,12.18,0.705,11,85.96,Pass
LOT_1018,BATCH_590,WFR_24,1482.0,464.9,630.4,12.34,0.724,11,83.49,Fail
LOT_1018,BATCH_590,WFR_25,1462.9,450.3,632.7,12.33,0.775,12,82.85,Fail
LOT_1019,BATCH_591,WFR_01,1497.8,453.7,627.1,12.31,0.675,5,93.39,Pass
LOT_1019,BATCH_591,WFR_02,1533.4,470.4,629.2,12.0,0.675,10,87.44,Pass
LOT_1019,BATCH_591,WFR_03,1465.5,452.9,648.3,12.45,0.757,6,92.44,Pass
LOT_1019,BATCH_591,WFR_04,1517.6,481.2,632.1,12.28,0.715,11,83.08,Fail
LOT_1019,BATCH_591,WFR_05,1481.4,456.8,667.1,11.33,0.763,6,89.24,Pass
LOT_1019,BATCH_592,WFR_06,1472.2,428.9,687.2,13.32,0.714,13,84.11,Fail
LOT_1019,BATCH_592,WFR_07,1496.3,459.0,635.5,12.94,0.642,6,90.0,Pass
LOT_1019,BATCH_592,WFR_08,1463.8,454.6,656.0,12.35,0.633,12,85.18,Pass
LOT_1019,BATCH_592,WFR_09,1480.6,465.5,662.5,12.51,0.622,8,85.88,Pass
LOT_1019,BATCH_592,WFR_10,1458.1,458.1,661.8,12.03,0.733,6,88.26,Pass
LOT_1019,BATCH_593,WFR_11,1568.8,448.3,651.9,13.18,0.759,8,86.91,Pass
LOT_1019,BATCH_593,WFR_12,1501.2,435.3,668.6,13.26,0.792,5,89.37,Pass
LOT_1019,BATCH_593,WFR_13,1475.5,447.5,662.1,12.56,0.742,10,83.94,Fail
LOT_1019,BATCH_593,WFR_14,1507.5,439.8,619.1,12.91,0.758,12,81.46,Fail
LOT_1019,BATCH_593,WFR_15,1496.1,443.0,671.7,12.57,0.671,7,88.75,Pass
LOT_1019,BATCH_594,WFR_16,1492.3,457.1,672.2,11.97,0.642,6,91.27,Pass
LOT_1019,BATCH_594,WFR_17,1521.5,470.0,630.9,12.34,0.743,10,86.91,Pass
LOT_1019,BATCH_594,WFR_18,1526.5,454.7,650.9,12.55,0.721,8,88.76,Pass
LOT_1019,BATCH_594,WFR_19,1481.4,435.6,667.1,12.32,0.705,12,82.46,Fail
LOT_1019,BATCH_594,WFR_20,1479.8,455.3,644.8,12.41,0.719,8,89.54,Pass
LOT_1019,BATCH_595,WFR_21,1490.4,464.4,676.8,12.46,0.716,10,86.71,Pass
LOT_1019,BATCH_595,WFR_22,1419.4,442.7,709.1,12.47,0.764,19,74.86,Fail
LOT_1019,BATCH_595,WFR_23,1447.0,448.4,630.4,12.52,0.765,11,85.63,Pass
LOT_1019,BATCH_595,WFR_24,1547.8,450.2,615.5,12.08,0.727,13,81.46,Fail
LOT_1019,BATCH_595,WFR_25,1557.6,440.6,657.6,12.21,0.742,11,82.18,Fail
LOT_1020,BATCH_596,WFR_01,1491.3,457.8,668.0,11.99,0.726,9,85.46,Pass
LOT_1020,BATCH_596,WFR_02,1520.2,448.5,644.2,12.89,0.677,13,81.07,Fail
LOT_1020,BATCH_596,WFR_03,1510.9,455.0,686.3,11.66,0.738,13,81.49,Fail
LOT_1020,BATCH_596,WFR_04,1607.8,439.4,616.5,12.96,0.63,20,73.56,Fail
LOT_1020,BATCH_596,WFR_05,1539.2,444.8,667.3,13.05,0.753,12,84.67,Fail
LOT_1020,BATCH_597,WFR_06,1495.5,458.7,634.9,12.38,0.64,6,88.33,Pass
LOT_1020,BATCH_597,WFR_07,1466.6,445.5,693.0,11.46,0.714,16,79.56,Fail
LOT_1020,BATCH_597,WFR_08,1443.8,470.7,699.8,12.36,0.658,17,79.14,Fail
LOT_1020,BATCH_597,WFR_09,1507.1,445.2,630.8,12.47,0.728,5,90.25,Pass
LOT_1020,BATCH_597,WFR_10,1473.5,452.7,636.3,12.1,0.698,8,89.52,Pass
LOT_1020,BATCH_598,WFR_11,1450.2,461.2,671.5,12.29,0.62,7,89.74,Pass
LOT_1020,BATCH_598,WFR_12,1477.4,433.0,640.3,13.11,0.721,9,89.06,Pass
LOT_1020,BATCH_598,WFR_13,1462.1,428.9,648.9,12.77,0.671,3,95.71,Pass
LOT_1020,BATCH_598,WFR_14,1559.0,431.7,650.6,12.13,0.744,12,84.73,Fail
LOT_1020,BATCH_598,WFR_15,1530.9,465.2,602.0,11.86,0.7,17,79.33,Fail
LOT_1020,BATCH_599,WFR_16,1499.7,443.4,649.7,12.37,0.72,7,88.32,Pass
LOT_1020,BATCH_599,WFR_17,1551.8,480.7,632.8,12.41,0.652,9,85.01,Pass
LOT_1020,BATCH_599,WFR_18,1502.7,443.2,637.7,12.7,0.671,6,90.93,Pass
LOT_1020,BATCH_599,WFR_19,1469.9,452.2,686.1,12.29,0.677,15,77.63,Fail
LOT_1020,BATCH_599,WFR_20,1553.3,468.5,618.6,12.7,0.743,13,83.33,Fail
LOT_1020,BATCH_600,WFR_21,1518.9,474.1,670.3,13.27,0.784,9,87.57,Pass
LOT_1020,BATCH_600,WFR_22,1463.7,474.7,643.0,12.83,0.66,10,87.25,Pass
LOT_1020,BATCH_600,WFR_23,1493.3,464.5,643.0,12.48,0.754,3,93.3,Pass
LOT_1020,BATCH_600,WFR_24,1469.4,462.3,669.8,12.43,0.592,9,87.1,Pass
LOT_1020,BATCH_600,WFR_25,1451.6,457.1,658.5,12.36,0.64,12,82.53,Fail
LOT_1021,BATCH_601,WFR_01,1532.4,459.3,664.3,12.97,0.652,7,87.79,Pass
LOT_1021,BATCH_601,WFR_02,1566.8,443.4,674.2,12.25,0.632,15,79.27,Fail
LOT_1021,BATCH_601,WFR_03,1451.1,440.2,641.7,12.52,0.621,7,88.46,Pass
LOT_1021,BATCH_601,WFR_04,1519.7,450.0,634.7,12.52,0.721,12,80.92,Fail
LOT_1021,BATCH_601,WFR_05,1477.2,448.0,622.9,12.3,0.689,15,80.5,Fail
LOT_1021,BATCH_602,WFR_06,1483.0,444.6,629.4,11.95,0.719,9,87.4,Pass
LOT_1021,BATCH_602,WFR_07,1479.3,458.4,723.7,12.63,0.735,15,78.41,Fail
LOT_1021,BATCH_602,WFR_08,1469.8,461.5,681.1,12.48,0.713,10,84.94,Fail
LOT_1021,BATCH_602,WFR_09,1501.7,451.1,616.2,12.7,0.733,12,84.71,Fail
LOT_1021,BATCH_602,WFR_10,1470.9,467.7,616.9,12.29,0.697,15,80.12,Fail
LOT_1021,BATCH_603,WFR_11,1509.5,436.3,662.0,12.99,0.641,9,86.86,Pass
LOT_1021,BATCH_603,WFR_12,1498.2,447.7,663.7,12.15,0.753,9,87.1,Pass
LOT_1021,BATCH_603,WFR_13,1491.6,441.4,663.7,13.18,0.671,5,93.11,Pass
LOT_1021,BATCH_603,WFR_14,1468.2,427.6,643.6,11.8,0.653,11,82.18,Fail
LOT_1021,BATCH_603,WFR_15,1479.8,449.0,646.9,12.67,0.691,9,85.39,Pass
LOT_1021,BATCH_604,WFR_16,1526.4,448.5,658.2,12.69,0.654,5,91.59,Pass
LOT_1021,BATCH_604,WFR_17,1517.5,468.2,652.1,12.18,0.679,7,88.2,Pass
LOT_1021,BATCH_604,WFR_18,1465.8,457.6,594.5,12.67,0.717,17,75.11,Fail
LOT_1021,BATCH_604,WFR_19,1503.5,437.7,644.3,13.01,0.717,7,90.92,Pass
LOT_1021,BATCH_604,WFR_20,1526.3,472.2,628.7,11.61,0.655,6,91.55,Pass
LOT_1021,BATCH_605,WFR_21,1441.6,464.7,654.4,12.7,0.676,9,86.49,Pass
LOT_1021,BATCH_605,WFR_22,1519.0,457.0,724.6,11.5,0.754,15,78.0,Fail
LOT_1021,BATCH_605,WFR_23,1476.8,447.3,659.2,12.11,0.725,7,91.42,Pass
LOT_1021,BATCH_605,WFR_24,1520.0,438.5,642.2,13.15,0.804,6,87.88,Pass
LOT_1021,BATCH_605,WFR_25,1473.3,445.5,673.0,12.27,0.759,12,83.33,Fail
LOT_1022,BATCH_606,WFR_01,1436.8,463.1,662.1,12.03,0.757,16,79.0,Fail
LOT_1022,BATCH_606,WFR_02,1443.0,472.6,660.5,12.42,0.631,10,86.54,Pass
LOT_1022,BATCH_606,WFR_03,1501.7,468.5,665.2,13.33,0.738,5,93.13,Pass
LOT_1022,BATCH_606,WFR_04,1509.1,444.1,701.4,11.77,0.697,11,82.84,Fail
LOT_1022,BATCH_606,WFR_05,1468.3,436.6,621.7,12.08,0.672,10,83.22,Fail
LOT_1022,BATCH_607,WFR_06,1522.4,451.7,661.8,13.1,0.708,9,87.13,Pass
LOT_1022,BATCH_607,WFR_07,1441.8,428.8,626.8,13.24,0.747,11,82.04,Fail
LOT_1022,BATCH_607,WFR_08,1497.7,453.9,663.9,12.46,0.725,12,81.48,Fail
LOT_1022,BATCH_607,WFR_09,1457.6,448.2,627.0,12.0,0.656,11,84.39,Fail
LOT_1022,BATCH_607,WFR_10,1477.2,444.4,639.6,13.34,0.737,8,87.03,Pass
LOT_1022,BATCH_608,WFR_11,1501.7,430.9,642.6,13.14,0.668,4,93.03,Pass
LOT_1022,BATCH_608,WFR_12,1469.9,456.2,674.4,12.77,0.711,8,87.61,Pass
LOT_1022,BATCH_608,WFR_13,1486.5,443.6,673.0,12.18,0.685,11,86.51,Pass
LOT_1022,BATCH_608,WFR_14,1535.2,436.0,618.9,12.48,0.689,12,82.12,Fail
LOT_1022,BATCH_608,WFR_15,1479.8,415.5,651.4,12.44,0.738,6,92.54,Pass
LOT_1022,BATCH_609,WFR_16,1529.2,449.7,632.3,12.63,0.648,11,82.71,Fail
LOT_1022,BATCH_609,WFR_17,1460.5,471.3,618.5,13.08,0.797,12,81.48,Fail
LOT_1022,BATCH_609,WFR_18,1518.5,469.9,644.6,12.85,0.609,6,91.61,Pass
LOT_1022,BATCH_609,WFR_19,1550.5,444.5,642.3,12.07,0.67,12,83.98,Fail
LOT_1022,BATCH_609,WFR_20,1413.5,442.8,710.7,13.05,0.719,19,74.79,Fail
LOT_1022,BATCH_610,WFR_21,1472.1,455.6,660.8,12.63,0.729,6,89.82,Pass
LOT_1022,BATCH_610,WFR_22,1520.2,438.0,615.6,12.77,0.695,9,87.76,Pass
LOT_1022,BATCH_610,WFR_23,1492.9,453.6,635.9,13.09,0.697,10,85.04,Pass
LOT_1022,BATCH_610,WFR_24,1513.0,459.2,675.5,12.06,0.721,9,87.71,Pass
LOT_1022,BATCH_610,WFR_25,1478.9,464.7,702.2,12.49,0.688,14,82.92,Fail
LOT_1023,BATCH_611,WFR_01,1503.0,448.8,610.4,12.29,0.77,7,91.59,Pass
LOT_1023,BATCH_611,WFR_02,1494.6,447.6,603.0,11.87,0.742,9,88.69,Pass
LOT_1023,BATCH_611,WFR_03,1540.9,439.5,696.8,12.64,0.744,12,81.64,Fail
LOT_1023,BATCH_611,WFR_04,1508.9,440.1,659.7,13.5,0.652,9,84.39,Fail
LOT_1023,BATCH_611,WFR_05,1511.8,447.3,628.3,11.76,0.696,9,87.07,Pass
LOT_1023,BATCH_612,WFR_06,1485.6,454.4,663.4,12.49,0.685,5,91.44,Pass
LOT_1023,BATCH_612,WFR_07,1482.9,461.0,584.1,12.76,0.65,11,86.07,Pass
LOT_1023,BATCH_612,WFR_08,1484.9,440.4,650.1,12.55,0.718,8,87.64,Pass
LOT_1023,BATCH_612,WFR_09,1513.8,467.9,658.2,12.45,0.673,10,87.28,Pass
LOT_1023,BATCH_612,WFR_10,1485.3,446.7,673.1,11.98,0.733,8,87.34,Pass
LOT_1023,BATCH_613,WFR_11,1510.1,449.7,624.7,12.59,0.646,8,85.73,Pass
LOT_1023,BATCH_613,WFR_12,1572.6,441.0,652.1,12.2,0.786,10,87.02,Pass
LOT_1023,BATCH_613,WFR_13,1530.5,420.9,626.9,11.62,0.655,8,86.58,Pass
LOT_1023,BATCH_613,WFR_14,1488.6,460.6,656.4,12.98,0.711,6,92.68,Pass
LOT_1023,BATCH_613,WFR_15,1542.0,458.8,627.6,12.88,0.74,12,83.72,Fail
LOT_1023,BATCH_614,WFR_16,1485.7,446.6,639.8,12.52,0.671,7,91.05,Pass
LOT_1023,BATCH_614,WFR_17,1428.7,450.8,625.1,12.59,0.743,14,81.44,Fail
LOT_1023,BATCH_614,WFR_18,1464.7,456.2,666.3,12.93,0.639,8,89.53,Pass
LOT_1023,BATCH_614,WFR_19,1434.5,431.2,671.5,12.59,0.773,14,81.33,Fail
LOT_1023,BATCH_614,WFR_20,1487.7,443.7,644.1,12.86,0.701,6,90.71,Pass
LOT_1023,BATCH_615,WFR_21,1500.6,459.5,651.0,12.38,0.67,2,96.1,Pass
LOT_1023,BATCH_615,WFR_22,1558.7,434.9,613.8,13.02,0.685,14,79.92,Fail
LOT_1023,BATCH_615,WFR_23,1511.4,453.5,642.5,12.63,0.74,9,84.61,Fail
LOT_1023,BATCH_615,WFR_24,1492.3,433.7,648.7,12.58,0.671,9,87.2,Pass
LOT_1023,BATCH_615,WFR_25,1529.0,455.6,715.5,11.99,0.663,10,87.04,Pass
LOT_1024,BATCH_616,WFR_01,1422.6,449.6,622.2,12.61,0.689,15,80.65,Fail
LOT_1024,BATCH_616,WFR_02,1508.2,430.6,686.6,12.17,0.641,9,84.93,Fail
LOT_1024,BATCH_616,WFR_03,1527.0,464.0,674.9,12.24,0.791,11,83.94,Fail
LOT_1024,BATCH_616,WFR_04,1448.2,441.2,657.0,12.17,0.672,9,86.92,Pass
LOT_1024,BATCH_616,WFR_05,1540.0,440.3,694.0,12.07,0.742,16,80.05,Fail
LOT_1024,BATCH_617,WFR_06,1511.8,452.4,659.3,13.35,0.71,4,92.95,Pass
LOT_1024,BATCH_617,WFR_07,1485.5,463.8,659.7,13.03,0.651,5,92.61,Pass
LOT_1024,BATCH_617,WFR_08,1522.1,437.8,648.7,13.27,0.7,5,89.28,Pass
LOT_1024,BATCH_617,WFR_09,1579.5,450.7,680.6,12.01,0.739,15,77.58,Fail
LOT_1024,BATCH_617,WFR_10,1506.4,455.1,677.4,12.53,0.691,10,87.58,Pass
LOT_1024,BATCH_618,WFR_11,1508.7,458.3,634.4,11.98,0.76,12,83.02,Fail
LOT_1024,BATCH_618,WFR_12,1483.9,452.1,617.0,12.22,0.751,11,85.67,Pass
LOT_1024,BATCH_618,WFR_13,1470.3,445.6,644.9,12.13,0.746,10,85.95,Pass
LOT_1024,BATCH_618,WFR_14,1529.1,440.1,630.0,13.0,0.677,7,87.22,Pass
LOT_1024,BATCH_618,WFR_15,1470.0,451.0,648.4,12.34,0.646,5,91.36,Pass
LOT_1024,BATCH_619,WFR_16,1502.5,437.1,680.9,12.93,0.669,12,83.93,Fail
LOT_1024,BATCH_619,WFR_17,1483.3,414.9,638.6,12.74,0.71,11,85.76,Pass
LOT_1024,BATCH_619,WFR_18,1516.8,455.2,648.9,13.42,0.727,10,84.0,Fail
LOT_1024,BATCH_619,WFR_19,1511.7,460.8,651.5,11.91,0.591,8,87.28,Pass
LOT_1024,BATCH_619,WFR_20,1536.3,421.6,671.2,13.0,0.7,12,83.26,Fail
LOT_1024,BATCH_620,WFR_21,1482.1,437.9,593.8,12.96,0.708,10,86.91,Pass
LOT_1024,BATCH_620,WFR_22,1490.6,457.4,634.8,12.11,0.686,10,86.33,Pass
LOT_1024,BATCH_620,WFR_23,1465.7,474.7,655.3,12.9,0.765,10,83.2,Fail
LOT_1024,BATCH_620,WFR_24,1484.4,450.2,680.0,12.63,0.721,10,85.4,Pass
LOT_1024,BATCH_620,WFR_25,1513.2,441.3,637.7,12.41,0.766,9,87.2,Pass
LOT_1025,BATCH_621,WFR_01,1526.5,447.8,603.1,12.17,0.689,12,82.99,Fail
LOT_1025,BATCH_621,WFR_02,1467.7,466.5,665.5,12.21,0.747,9,85.31,Pass
LOT_1025,BATCH_621,WFR_03,1530.4,442.2,634.1,13.32,0.782,9,87.5,Pass
LOT_1025,BATCH_621,WFR_04,1547.4,440.4,620.3,12.5,0.766,13,83.51,Fail
LOT_1025,BATCH_621,WFR_05,1514.5,444.2,634.4,12.81,0.645,7,88.68,Pass
LOT_1025,BATCH_622,WFR_06,1565.7,438.6,645.4,12.18,0.687,13,81.07,Fail
LOT_1025,BATCH_622,WFR_07,1472.9,451.5,634.9,12.19,0.683,6,89.24,Pass
LOT_1025,BATCH_622,WFR_08,1456.4,469.5,594.9,12.93,0.724,14,78.79,Fail
LOT_1025,BATCH_622,WFR_09,1437.7,453.9,672.4,11.96,0.734,9,87.34,Pass
LOT_1025,BATCH_622,WFR_10,1552.4,447.0,681.9,12.33,0.658,14,82.82,Fail
LOT_1025,BATCH_623,WFR_11,1522.9,446.5,666.3,12.51,0.703,5,89.21,Pass
LOT_1025,BATCH_623,WFR_12,1498.1,431.2,621.6,12.54,0.599,10,85.82,Pass
LOT_1025,BATCH_623,WFR_13,1509.8,460.6,645.0,12.43,0.772,7,88.48,Pass
LOT_1025,BATCH_623,WFR_14,1460.6,449.1,649.8,12.66,0.674,3,93.07,Pass
LOT_1025,BATCH_623,WFR_15,1585.6,447.8,665.0,12.78,0.703,15,79.27,Fail
LOT_1025,BATCH_624,WFR_16,1504.5,488.3,666.7,12.79,0.685,3,95.37,Pass
LOT_1025,BATCH_624,WFR_17,1503.8,453.6,631.6,12.11,0.757,7,87.82,Pass
LOT_1025,BATCH_624,WFR_18,1525.4,441.0,652.0,12.39,0.558,8,86.38,Pass
LOT_1025,BATCH_624,WFR_19,1516.8,444.9,661.4,12.98,0.699,10,85.24,Pass
LOT_1025,BATCH_624,WFR_20,1507.8,463.8,686.4,12.86,0.695,11,84.36,Fail
LOT_1025,BATCH_625,WFR_21,1472.3,451.4,667.6,11.95,0.677,7,91.03,Pass
LOT_1025,BATCH_625,WFR_22,1516.5,432.7,669.7,12.64,0.786,11,86.38,Pass
LOT_1025,BATCH_625,WFR_23,1565.9,461.0,652.1,11.71,0.656,12,83.9,Fail
LOT_1025,BATCH_625,WFR_24,1547.1,442.0,685.3,12.52,0.739,13,82.85,Fail
LOT_1025,BATCH_625,WFR_25,1555.8,472.5,660.2,13.26,0.718,13,79.63,Fail
LOT_1026,BATCH_626,WFR_01,1482.1,463.0,628.5,12.12,0.763,8,86.48,Pass
LOT_1026,BATCH_626,WFR_02,1465.4,444.6,685.1,12.17,0.667,14,79.9,Fail
LOT_1026,BATCH_626,WFR_03,1495.6,465.4,667.4,12.81,0.663,3,93.81,Pass
LOT_1026,BATCH_626,WFR_04,1502.0,450.8,638.9,11.88,0.755,3,95.56,Pass
LOT_1026,BATCH_626,WFR_05,1538.3,460.2,638.0,12.25,0.721,7,86.71,Pass
LOT_1026,BATCH_627,WFR_06,1440.8,455.8,657.4,12.74,0.623,12,83.72,Fail
LOT_1026,BATCH_627,WFR_07,1553.5,439.8,661.6,12.25,0.673,14,82.67,Fail
LOT_1026,BATCH_627,WFR_08,1494.5,442.3,654.9,12.41,0.719,7,89.13,Pass
LOT_1026,BATCH_627,WFR_09,1485.1,462.4,657.8,12.8,0.742,2,93.23,Pass
LOT_1026,BATCH_627,WFR_10,1464.6,446.0,692.5,12.67,0.666,18,73.96,Fail
LOT_1026,BATCH_628,WFR_11,1442.1,445.2,676.8,12.61,0.554,10,87.95,Pass
LOT_1026,BATCH_628,WFR_12,1528.8,438.5,654.8,12.36,0.726,8,85.97,Pass
LOT_1026,BATCH_628,WFR_13,1502.6,455.1,673.5,12.65,0.639,11,85.44,Pass
LOT_1026,BATCH_628,WFR_14,1454.9,474.8,624.2,12.45,0.599,12,85.41,Pass
LOT_1026,BATCH_628,WFR_15,1454.7,437.2,659.9,12.68,0.558,9,84.96,Fail
LOT_1026,BATCH_629,WFR_16,1488.2,450.3,695.2,12.3,0.741,9,84.88,Fail
LOT_1026,BATCH_629,WFR_17,1558.4,466.9,644.5,12.43,0.706,13,81.42,Fail
LOT_1026,BATCH_629,WFR_18,1490.9,449.0,628.8,12.1,0.689,10,85.13,Pass
LOT_1026,BATCH_629,WFR_19,1447.4,455.4,633.7,12.49,0.769,9,85.13,Pass
LOT_1026,BATCH_629,WFR_20,1491.4,437.3,622.8,12.18,0.732,7,87.67,Pass
LOT_1026,BATCH_630,WFR_21,1490.5,455.1,630.4,12.05,0.781,5,89.55,Pass
LOT_1026,BATCH_630,WFR_22,1405.6,447.8,640.7,12.6,0.63,11,84.04,Fail
LOT_1026,BATCH_630,WFR_23,1498.1,461.8,614.9,12.59,0.698,11,81.96,Fail
LOT_1026,BATCH_630,WFR_24,1491.9,464.2,650.4,12.81,0.619,5,89.02,Pass
LOT_1026,BATCH_630,WFR_25,1524.4,481.1,672.6,12.33,0.689,6,92.22,Pass
LOT_1027,BATCH_631,WFR_01,1564.7,457.0,627.3,12.66,0.688,11,82.55,Fail
LOT_1027,BATCH_631,WFR_02,1539.4,453.9,688.0,12.72,0.731,18,75.9,Fail
LOT_1027,BATCH_631,WFR_03,1490.6,452.3,662.8,12.68,0.702,5,92.06,Pass
LOT_1027,BATCH_631,WFR_04,1461.3,445.8,675.8,12.17,0.731,12,82.53,Fail
LOT_1027,BATCH_631,WFR_05,1590.1,454.1,633.6,12.56,0.735,14,82.92,Fail
LOT_1027,BATCH_632,WFR_06,1502.1,446.5,671.4,12.65,0.808,8,87.87,Pass
LOT_1027,BATCH_632,WFR_07,1500.5,452.0,622.7,12.5,0.684,6,88.45,Pass
LOT_1027,BATCH_632,WFR_08,1499.2,465.8,672.3,11.67,0.653,10,86.93,Pass
LOT_1027,BATCH_632,WFR_09,1506.9,437.9,654.3,12.56,0.712,6,90.67,Pass
LOT_1027,BATCH_632,WFR_10,1494.9,463.7,663.8,13.39,0.66,4,90.5,Pass
LOT_1027,BATCH_633,WFR_11,1479.9,465.8,620.6,12.36,0.774,11,84.66,Fail
LOT_1027,BATCH_633,WFR_12,1480.9,448.6,627.6,12.21,0.686,7,89.81,Pass
LOT_1027,BATCH_633,WFR_13,1498.9,424.5,664.9,12.65,0.672,4,93.0,Pass
LOT_1027,BATCH_633,WFR_14,1481.0,442.7,626.3,12.62,0.676,11,84.2,Fail
LOT_1027,BATCH_633,WFR_15,1475.1,465.6,661.6,12.98,0.736,10,84.84,Fail
LOT_1027,BATCH_634,WFR_16,1503.7,449.7,615.8,12.0,0.692,7,87.6,Pass
LOT_1027,BATCH_634,WFR_17,1491.1,438.0,671.2,12.79,0.668,8,88.14,Pass
LOT_1027,BATCH_634,WFR_18,1552.6,443.9,619.2,12.74,0.783,15,77.91,Fail
LOT_1027,BATCH_634,WFR_19,1407.2,460.1,663.8,12.44,0.657,14,80.53,Fail
LOT_1027,BATCH_634,WFR_20,1538.2,456.6,665.6,12.64,0.702,9,87.51,Pass
LOT_1027,BATCH_635,WFR_21,1543.6,447.1,632.6,12.91,0.733,9,85.91,Pass
LOT_1027,BATCH_635,WFR_22,1427.4,445.6,664.6,12.85,0.618,14,79.61,Fail
LOT_1027,BATCH_635,WFR_23,1488.0,445.3,656.5,12.04,0.724,6,90.01,Pass
LOT_1027,BATCH_635,WFR_24,1487.0,438.9,636.5,12.83,0.647,8,90.12,Pass
LOT_1027,BATCH_635,WFR_25,1450.7,469.4,624.8,12.47,0.741,14,82.35,Fail
LOT_1028,BATCH_636,WFR_01,1472.8,446.1,600.9,12.53,0.652,12,84.17,Fail
LOT_1028,BATCH_636,WFR_02,1461.1,464.6,658.7,12.53,0.735,7,90.19,Pass
LOT_1028,BATCH_636,WFR_03,1561.3,468.3,610.9,12.44,0.755,11,83.43,Fail
LOT_1028,BATCH_636,WFR_04,1532.7,462.0,652.4,12.98,0.743,8,90.31,Pass
LOT_1028,BATCH_636,WFR_05,1544.5,444.8,643.4,12.47,0.713,13,80.62,Fail
LOT_1028,BATCH_637,WFR_06,1525.3,454.8,667.0,12.05,0.688,9,87.87,Pass
LOT_1028,BATCH_637,WFR_07,1460.5,449.7,642.4,12.34,0.671,9,87.65,Pass
LOT_1028,BATCH_637,WFR_08,1481.6,439.2,641.8,12.57,0.774,6,90.16,Pass
LOT_1028,BATCH_637,WFR_09,1517.1,453.9,668.3,12.99,0.665,7,90.52,Pass
LOT_1028,BATCH_637,WFR_10,1457.2,435.9,658.4,12.74,0.648,11,82.38,Fail
LOT_1028,BATCH_638,WFR_11,1525.0,464.3,657.9,12.16,0.733,8,89.97,Pass
LOT_1028,BATCH_638,WFR_12,1491.6,444.4,661.7,13.49,0.66,9,86.98,Pass
LOT_1028,BATCH_638,WFR_13,1486.9,452.4,611.6,12.61,0.652,12,81.35,Fail
LOT_1028,BATCH_638,WFR_14,1524.9,453.4,668.9,13.01,0.628,12,82.52,Fail
LOT_1028,BATCH_638,WFR_15,1515.5,446.9,665.3,12.44,0.676,11,85.34,Pass
LOT_1028,BATCH_639,WFR_16,1487.4,457.0,624.6,12.71,0.696,12,83.5,Fail
LOT_1028,BATCH_639,WFR_17,1540.6,444.3,643.9,12.84,0.712,13,80.87,Fail
LOT_1028,BATCH_639,WFR_18,1462.2,460.5,649.0,12.99,0.748,8,85.53,Pass
LOT_1028,BATCH_639,WFR_19,1521.6,433.8,646.6,12.92,0.726,5,89.53,Pass
LOT_1028,BATCH_639,WFR_20,1520.8,451.5,658.3,12.85,0.69,7,89.89,Pass
LOT_1028,BATCH_640,WFR_21,1489.2,473.3,685.8,12.37,0.69,10,83.01,Fail
LOT_1028,BATCH_640,WFR_22,1511.4,438.0,677.0,12.27,0.726,10,87.98,Pass
LOT_1028,BATCH_640,WFR_23,1456.2,441.9,617.2,12.63,0.764,15,81.86,Fail
LOT_1028,BATCH_640,WFR_24,1532.3,456.2,665.6,12.87,0.706,9,85.08,Pass
LOT_1028,BATCH_640,WFR_25,1493.5,452.2,683.2,12.41,0.677,11,85.8,Pass
LOT_1029,BATCH_641,WFR_01,1481.7,454.2,659.7,12.93,0.65,16,80.5,Fail
LOT_1029,BATCH_641,WFR_02,1536.7,455.9,677.3,13.08,0.628,9,88.01,Pass
LOT_1029,BATCH_641,WFR_03,1475.3,457.6,700.3,12.13,0.733,15,79.87,Fail
LOT_1029,BATCH_641,WFR_04,1450.7,463.3,675.6,12.17,0.729,14,79.55,Fail
LOT_1029,BATCH_641,WFR_05,1445.5,454.9,656.2,12.44,0.729,7,88.48,Pass
LOT_1029,BATCH_642,WFR_06,1521.2,447.1,676.1,12.62,0.694,10,86.81,Pass
LOT_1029,BATCH_642,WFR_07,1455.2,458.1,653.6,12.29,0.77,6,90.28,Pass
LOT_1029,BATCH_642,WFR_08,1561.4,472.8,650.6,13.04,0.676,9,84.57,Fail
LOT_1029,BATCH_642,WFR_09,1427.1,448.4,641.2,12.67,0.748,10,83.92,Fail
LOT_1029,BATCH_642,WFR_10,1559.4,438.3,689.1,12.52,0.698,13,82.78,Fail
LOT_1029,BATCH_643,WFR_11,1507.4,463.3,629.5,11.93,0.67,4,90.29,Pass
LOT_1029,BATCH_643,WFR_12,1496.6,448.6,688.3,11.97,0.73,12,82.06,Fail
LOT_1029,BATCH_643,WFR_13,1480.9,423.9,662.5,12.61,0.72,7,91.29,Pass
LOT_1029,BATCH_643,WFR_14,1514.0,460.2,615.0,11.65,0.718,14,83.02,Fail
LOT_1029,BATCH_643,WFR_15,1498.7,443.6,659.2,12.91,0.704,5,93.16,Pass
LOT_1029,BATCH_644,WFR_16,1538.6,448.9,597.5,12.44,0.698,16,77.16,Fail
LOT_1029,BATCH_644,WFR_17,1504.0,454.0,665.6,13.8,0.819,5,93.08,Pass
LOT_1029,BATCH_644,WFR_18,1505.3,452.3,672.1,13.42,0.759,11,84.24,Fail
LOT_1029,BATCH_644,WFR_19,1487.3,458.5,635.2,12.43,0.736,9,88.73,Pass
LOT_1029,BATCH_644,WFR_20,1498.0,444.8,653.1,12.46,0.706,6,88.2,Pass
LOT_1029,BATCH_645,WFR_21,1510.8,456.2,698.9,12.9,0.75,10,86.28,Pass
LOT_1029,BATCH_645,WFR_22,1440.1,446.9,637.4,13.18,0.726,18,73.86,Fail
LOT_1029,BATCH_645,WFR_23,1452.8,458.9,623.5,11.84,0.701,14,78.48,Fail
LOT_1029,BATCH_645,WFR_24,1526.0,457.4,687.0,11.79,0.685,13,84.37,Fail
LOT_1029,BATCH_645,WFR_25,1506.0,438.8,699.1,12.25,0.696,12,83.28,Fail
LOT_1030,BATCH_646,WFR_01,1493.6,463.0,650.1,12.73,0.541,7,91.48,Pass
LOT_1030,BATCH_646,WFR_02,1500.6,443.6,675.3,12.7,0.711,9,84.66,Fail
LOT_1030,BATCH_646,WFR_03,1512.2,459.7,683.5,12.93,0.676,10,85.41,Pass
LOT_1030,BATCH_646,WFR_04,1481.1,454.4,631.4,12.02,0.78,12,85.23,Pass
LOT_1030,BATCH_646,WFR_05,1472.8,472.1,637.9,11.57,0.701,10,87.45,Pass
LOT_1030,BATCH_647,WFR_06,1506.9,447.3,680.8,12.84,0.641,12,83.68,Fail
LOT_1030,BATCH_647,WFR_07,1465.8,445.8,692.1,12.17,0.698,21,70.1,Fail
LOT_1030,BATCH_647,WFR_08,1514.3,449.8,664.1,11.69,0.648,7,88.14,Pass
LOT_1030,BATCH_647,WFR_09,1440.4,446.4,628.0,12.56,0.724,9,84.86,Fail
LOT_1030,BATCH_647,WFR_10,1536.0,459.6,699.7,12.82,0.715,13,82.57,Fail
LOT_1030,BATCH_648,WFR_11,1516.5,430.6,636.7,12.45,0.748,5,93.78,Pass
LOT_1030,BATCH_648,WFR_12,1509.0,437.4,641.6,12.32,0.66,9,84.33,Fail
LOT_1030,BATCH_648,WFR_13,1534.4,437.2,658.6,12.44,0.702,8,90.31,Pass
LOT_1030,BATCH_648,WFR_14,1558.3,461.4,688.9,12.35,0.632,15,77.26,Fail
LOT_1030,BATCH_648,WFR_15,1535.5,470.5,671.3,11.96,0.735,14,81.36,Fail
LOT_1030,BATCH_649,WFR_16,1435.6,448.7,660.4,12.21,0.726,13,84.35,Fail
LOT_1030,BATCH_649,WFR_17,1455.2,448.0,661.6,12.71,0.725,10,84.55,Fail
LOT_1030,BATCH_649,WFR_18,1478.1,450.8,651.1,12.63,0.7,4,90.3,Pass
LOT_1030,BATCH_649,WFR_19,1500.9,463.9,664.0,12.57,0.721,8,85.57,Pass
LOT_1030,BATCH_649,WFR_20,1518.1,438.9,586.8,12.1,0.78,14,82.4,Fail
LOT_1030,BATCH_650,WFR_21,1474.6,452.9,642.6,12.43,0.686,9,88.29,Pass
LOT_1030,BATCH_650,WFR_22,1506.5,461.7,656.0,11.63,0.707,4,92.37,Pass
LOT_1030,BATCH_650,WFR_23,1473.6,456.0,621.2,12.57,0.646,12,82.41,Fail
LOT_1030,BATCH_650,WFR_24,1478.6,452.3,659.7,13.07,0.657,9,85.5,Pass
LOT_1030,BATCH_650,WFR_25,1450.8,462.0,644.9,11.91,0.705,9,88.29,Pass
LOT_1031,BATCH_651,WFR_01,1467.7,417.6,693.9,12.27,0.755,15,77.2,Fail
LOT_1031,BATCH_651,WFR_02,1452.7,458.1,689.3,12.63,0.687,13,81.21,Fail
LOT_1031,BATCH_651,WFR_03,1465.8,442.2,638.4,13.0,0.688,4,90.96,Pass
LOT_1031,BATCH_651,WFR_04,1536.9,428.0,646.2,12.32,0.68,13,81.7,Fail
LOT_1031,BATCH_651,WFR_05,1466.8,456.1,648.2,12.22,0.673,4,93.13,Pass
LOT_1031,BATCH_652,WFR_06,1592.1,466.5,638.7,11.71,0.715,15,77.11,Fail
LOT_1031,BATCH_652,WFR_07,1517.3,448.4,654.9,12.54,0.625,6,89.89,Pass
LOT_1031,BATCH_652,WFR_08,1506.5,461.4,631.0,13.32,0.764,8,86.07,Pass
LOT_1031,BATCH_652,WFR_09,1470.0,469.3,621.7,12.61,0.667,12,80.83,Fail
LOT_1031,BATCH_652,WFR_10,1524.5,465.8,665.6,12.49,0.736,12,82.22,Fail
LOT_1031,BATCH_653,WFR_11,1479.9,469.7,665.7,12.63,0.637,8,87.66,Pass
LOT_1031,BATCH_653,WFR_12,1504.3,458.9,629.9,12.5,0.733,8,90.38,Pass
LOT_1031,BATCH_653,WFR_13,1589.6,450.9,672.4,12.17,0.734,20,75.8,Fail
LOT_1031,BATCH_653,WFR_14,1496.6,430.8,634.2,12.83,0.719,7,90.6,Pass
LOT_1031,BATCH_653,WFR_15,1540.2,447.0,656.3,12.59,0.65,11,85.87,Pass
LOT_1031,BATCH_654,WFR_16,1475.4,439.9,670.5,12.51,0.712,11,85.53,Pass
LOT_1031,BATCH_654,WFR_17,1498.8,476.1,649.2,12.11,0.641,4,93.68,Pass
LOT_1031,BATCH_654,WFR_18,1562.0,447.9,661.4,13.02,0.687,10,86.2,Pass
LOT_1031,BATCH_654,WFR_19,1478.1,451.5,637.1,12.77,0.751,8,88.3,Pass
LOT_1031,BATCH_654,WFR_20,1563.4,456.6,645.1,12.28,0.74,10,87.51,Pass
LOT_1031,BATCH_655,WFR_21,1524.8,450.5,644.9,12.9,0.701,7,91.39,Pass
LOT_1031,BATCH_655,WFR_22,1480.3,470.3,631.3,12.3,0.651,9,85.83,Pass
LOT_1031,BATCH_655,WFR_23,1522.1,442.5,645.6,12.19,0.732,4,92.51,Pass
LOT_1031,BATCH_655,WFR_24,1534.0,452.3,611.3,12.2,0.701,15,79.78,Fail
LOT_1031,BATCH_655,WFR_25,1521.8,441.1,637.7,11.79,0.584,6,89.63,Pass
LOT_1032,BATCH_656,WFR_01,1445.0,434.2,642.9,12.69,0.739,11,82.66,Fail
LOT_1032,BATCH_656,WFR_02,1474.6,442.7,643.6,11.77,0.699,9,87.06,Pass
LOT_1032,BATCH_656,WFR_03,1491.3,449.6,644.0,12.01,0.76,9,85.99,Pass
LOT_1032,BATCH_656,WFR_04,1497.4,444.8,648.5,11.67,0.645,5,89.23,Pass
LOT_1032,BATCH_656,WFR_05,1521.7,441.7,662.0,12.47,0.541,6,88.6,Pass
LOT_1032,BATCH_657,WFR_06,1506.2,433.1,671.9,12.44,0.714,6,90.67,Pass
LOT_1032,BATCH_657,WFR_07,1453.3,449.0,633.8,12.37,0.715,11,83.58,Fail
LOT_1032,BATCH_657,WFR_08,1513.3,431.9,619.9,12.08,0.615,12,84.71,Fail
LOT_1032,BATCH_657,WFR_09,1521.4,459.1,623.9,12.03,0.651,10,85.2,Pass
LOT_1032,BATCH_657,WFR_10,1519.6,451.0,637.8,12.69,0.838,8,85.49,Pass
LOT_1032,BATCH_658,WFR_11,1537.8,432.5,641.2,12.28,0.685,14,80.61,Fail
LOT_1032,BATCH_658,WFR_12,1529.2,446.3,630.8,12.63,0.737,7,86.96,Pass
LOT_1032,BATCH_658,WFR_13,1516.1,441.0,617.6,12.15,0.667,11,84.76,Fail
LOT_1032,BATCH_658,WFR_14,1497.5,453.8,638.6,12.57,0.595,9,84.21,Fail
LOT_1032,BATCH_658,WFR_15,1441.9,466.1,654.5,13.02,0.691,10,85.1,Pass
LOT_1032,BATCH_659,WFR_16,1515.0,427.5,664.9,12.73,0.687,14,82.99,Fail
LOT_1032,BATCH_659,WFR_17,1507.3,451.4,636.1,12.34,0.68,7,88.67,Pass
LOT_1032,BATCH_659,WFR_18,1509.5,448.1,639.7,12.6,0.694,6,91.43,Pass
LOT_1032,BATCH_659,WFR_19,1455.3,458.1,626.8,12.4,0.713,8,90.24,Pass
LOT_1032,BATCH_659,WFR_20,1462.2,452.6,649.2,12.5,0.692,14,79.1,Fail
LOT_1032,BATCH_660,WFR_21,1536.9,441.0,628.8,12.37,0.637,9,87.82,Pass
LOT_1032,BATCH_660,WFR_22,1498.6,446.2,664.3,12.43,0.724,4,91.22,Pass
LOT_1032,BATCH_660,WFR_23,1523.9,440.4,605.4,12.58,0.603,14,81.76,Fail
LOT_1032,BATCH_660,WFR_24,1501.0,462.9,641.0,12.1,0.597,6,91.83,Pass
LOT_1032,BATCH_660,WFR_25,1501.0,450.3,657.5,12.09,0.737,2,92.73,Pass
LOT_1033,BATCH_661,WFR_01,1532.8,472.8,654.6,11.94,0.725,9,87.39,Pass
LOT_1033,BATCH_661,WFR_02,1481.9,449.3,717.3,11.86,0.697,14,80.19,Fail
LOT_1033,BATCH_661,WFR_03,1503.4,441.5,658.7,12.01,0.63,10,84.95,Fail
LOT_1033,BATCH_661,WFR_04,1483.8,431.8,624.9,12.56,0.665,8,87.6,Pass
LOT_1033,BATCH_661,WFR_05,1484.8,428.4,647.6,12.14,0.687,11,82.23,Fail
LOT_1033,BATCH_662,WFR_06,1489.2,431.0,605.6,12.71,0.62,11,83.43,Fail
LOT_1033,BATCH_662,WFR_07,1507.8,453.2,648.0,12.51,0.663,3,94.38,Pass
LOT_1033,BATCH_662,WFR_08,1483.2,456.1,629.2,11.71,0.733,12,81.29,Fail
LOT_1033,BATCH_662,WFR_09,1544.0,431.0,672.9,12.76,0.771,9,88.29,Pass
LOT_1033,BATCH_662,WFR_10,1468.7,460.7,636.3,12.82,0.679,11,84.08,Fail
LOT_1033,BATCH_663,WFR_11,1493.5,444.2,647.1,12.1,0.738,10,83.25,Fail
LOT_1033,BATCH_663,WFR_12,1484.6,451.8,634.1,12.67,0.604,6,89.67,Pass
LOT_1033,BATCH_663,WFR_13,1550.6,469.3,693.5,12.16,0.733,13,80.32,Fail
LOT_1033,BATCH_663,WFR_14,1506.9,460.8,642.0,12.54,0.66,8,87.13,Pass
LOT_1033,BATCH_663,WFR_15,1536.1,446.8,695.8,11.99,0.715,16,76.6,Fail
LOT_1033,BATCH_664,WFR_16,1448.0,439.3,670.4,11.78,0.688,9,84.48,Fail
LOT_1033,BATCH_664,WFR_17,1509.3,424.2,662.1,12.35,0.766,11,85.44,Pass
LOT_1033,BATCH_664,WFR_18,1531.1,441.4,659.2,12.45,0.656,9,88.35,Pass
LOT_1033,BATCH_664,WFR_19,1502.9,447.5,659.8,12.34,0.731,6,90.38,Pass
LOT_1033,BATCH_664,WFR_20,1537.3,438.2,601.8,12.03,0.686,12,82.09,Fail
LOT_1033,BATCH_665,WFR_21,1481.9,448.4,643.0,12.34,0.692,8,89.26,Pass
LOT_1033,BATCH_665,WFR_22,1549.3,450.9,671.1,12.61,0.691,13,84.38,Fail
LOT_1033,BATCH_665,WFR_23,1580.5,447.3,648.8,12.48,0.658,11,85.09,Pass
LOT_1033,BATCH_665,WFR_24,1487.3,442.2,614.9,12.57,0.699,11,81.96,Fail
LOT_1033,BATCH_665,WFR_25,1484.4,452.0,648.7,12.23,0.697,9,85.73,Pass
LOT_1034,BATCH_666,WFR_01,1550.9,455.3,692.6,12.97,0.712,13,82.39,Fail
LOT_1034,BATCH_666,WFR_02,1555.3,436.9,681.2,12.03,0.704,14,82.24,Fail
LOT_1034,BATCH_666,WFR_03,1481.7,466.9,648.4,12.7,0.74,6,91.02,Pass
LOT_1034,BATCH_666,WFR_04,1485.3,448.8,673.8,12.97,0.746,13,83.55,Fail
LOT_1034,BATCH_666,WFR_05,1490.1,450.2,640.8,12.69,0.647,7,91.07,Pass
LOT_1034,BATCH_667,WFR_06,1452.9,458.5,607.4,12.42,0.743,16,76.27,Fail
LOT_1034,BATCH_667,WFR_07,1467.8,452.8,626.9,12.29,0.641,8,85.41,Pass
LOT_1034,BATCH_667,WFR_08,1464.9,461.4,689.1,12.91,0.729,12,84.78,Fail
LOT_1034,BATCH_667,WFR_09,1473.1,453.4,643.2,11.93,0.731,7,91.33,Pass
LOT_1034,BATCH_667,WFR_10,1498.8,442.7,643.9,12.11,0.604,8,88.75,Pass
LOT_1034,BATCH_668,WFR_11,1508.2,454.3,642.5,12.34,0.705,5,91.69,Pass
LOT_1034,BATCH_668,WFR_12,1554.3,436.3,697.6,13.0,0.677,14,82.18,Fail
LOT_1034,BATCH_668,WFR_13,1465.1,451.3,690.6,12.65,0.662,11,85.29,Pass
LOT_1034,BATCH_668,WFR_14,1534.5,449.6,705.5,12.11,0.768,13,83.4,Fail
LOT_1034,BATCH_668,WFR_15,1492.5,447.5,646.0,12.38,0.667,3,92.53,Pass
LOT_1034,BATCH_669,WFR_16,1498.3,448.5,657.4,12.25,0.66,11,83.24,Fail
LOT_1034,BATCH_669,WFR_17,1523.6,427.4,612.1,12.22,0.704,10,84.83,Fail
LOT_1034,BATCH_669,WFR_18,1460.7,443.4,686.9,12.89,0.734,10,86.06,Pass
LOT_1034,BATCH_669,WFR_19,1513.4,451.1,620.8,11.95,0.693,11,82.25,Fail
LOT_1034,BATCH_669,WFR_20,1505.8,451.9,655.4,13.14,0.758,5,89.15,Pass
LOT_1034,BATCH_670,WFR_21,1517.2,437.7,622.6,12.83,0.727,11,85.93,Pass
LOT_1034,BATCH_670,WFR_22,1510.1,465.2,635.3,12.94,0.591,5,92.88,Pass
LOT_1034,BATCH_670,WFR_23,1585.9,439.6,629.1,12.31,0.674,14,80.57,Fail
LOT_1034,BATCH_670,WFR_24,1477.7,461.6,634.8,12.44,0.672,13,83.94,Fail
LOT_1034,BATCH_670,WFR_25,1481.4,455.1,636.5,11.93,0.724,13,82.22,Fail
LOT_1035,BATCH_671,WFR_01,1478.2,442.2,636.3,12.29,0.569,9,86.29,Pass
LOT_1035,BATCH_671,WFR_02,1480.6,471.3,670.8,12.7,0.827,6,90.19,Pass
LOT_1035,BATCH_671,WFR_03,1477.7,435.7,622.4,13.02,0.727,8,88.75,Pass
LOT_1035,BATCH_671,WFR_04,1541.6,461.0,655.5,12.06,0.707,11,84.09,Fail
LOT_1035,BATCH_671,WFR_05,1549.7,462.0,680.4,12.35,0.759,14,78.41,Fail
LOT_1035,BATCH_672,WFR_06,1480.0,442.0,637.2,12.44,0.817,7,90.57,Pass
LOT_1035,BATCH_672,WFR_07,1470.9,466.7,632.1,11.94,0.744,7,88.33,Pass
LOT_1035,BATCH_672,WFR_08,1516.5,447.0,644.2,12.74,0.747,9,88.98,Pass
LOT_1035,BATCH_672,WFR_09,1480.7,453.5,679.5,12.21,0.707,11,86.47,Pass
LOT_1035,BATCH_672,WFR_10,1522.2,453.1,654.9,12.42,0.693,9,86.44,Pass
LOT_1035,BATCH_673,WFR_11,1507.1,448.4,636.7,12.32,0.676,9,88.68,Pass
LOT_1035,BATCH_673,WFR_12,1446.9,459.7,662.1,12.18,0.659,9,89.09,Pass
LOT_1035,BATCH_673,WFR_13,1554.2,459.5,622.4,12.5,0.666,11,85.94,Pass
LOT_1035,BATCH_673,WFR_14,1562.9,429.0,667.0,12.41,0.632,11,83.98,Fail
LOT_1035,BATCH_673,WFR_15,1478.6,465.7,660.2,12.35,0.696,8,86.88,Pass
LOT_1035,BATCH_674,WFR_16,1486.4,430.1,642.3,12.21,0.616,4,94.19,Pass
LOT_1035,BATCH_674,WFR_17,1510.0,462.4,629.0,12.63,0.71,7,88.26,Pass
LOT_1035,BATCH_674,WFR_18,1511.7,463.5,627.8,13.16,0.698,11,85.89,Pass
LOT_1035,BATCH_674,WFR_19,1523.0,436.9,663.4,12.56,0.707,9,86.13,Pass
LOT_1035,BATCH_674,WFR_20,1570.4,445.1,680.7,12.9,0.674,16,78.74,Fail
LOT_1035,BATCH_675,WFR_21,1493.8,436.7,634.1,11.94,0.854,6,89.53,Pass
LOT_1035,BATCH_675,WFR_22,1472.1,447.4,661.5,12.56,0.768,13,79.42,Fail
LOT_1035,BATCH_675,WFR_23,1451.7,446.3,597.8,12.06,0.638,12,80.91,Fail
LOT_1035,BATCH_675,WFR_24,1474.4,459.4,635.4,11.91,0.712,10,87.98,Pass
LOT_1035,BATCH_675,WFR_25,1498.8,465.7,649.2,12.2,0.67,4,90.77,Pass
LOT_1036,BATCH_676,WFR_01,1562.8,466.7,627.3,12.98,0.649,11,86.47,Pass
LOT_1036,BATCH_676,WFR_02,1481.9,443.3,626.6,12.88,0.633,10,83.23,Fail
LOT_1036,BATCH_676,WFR_03,1507.8,447.5,633.3,12.6,0.722,10,86.59,Pass
LOT_1036,BATCH_676,WFR_04,1499.4,429.8,657.3,11.89,0.666,9,87.29,Pass
LOT_1036,BATCH_676,WFR_05,1541.6,440.3,645.3,12.42,0.748,13,83.94,Fail
LOT_1036,BATCH_677,WFR_06,1588.4,461.6,594.0,12.62,0.75,19,76.64,Fail
LOT_1036,BATCH_677,WFR_07,1481.4,469.4,597.0,12.57,0.769,12,81.97,Fail
LOT_1036,BATCH_677,WFR_08,1482.9,435.2,634.8,11.76,0.657,6,88.08,Pass
LOT_1036,BATCH_677,WFR_09,1536.5,442.9,661.4,12.14,0.724,12,82.55,Fail
LOT_1036,BATCH_677,WFR_10,1523.9,449.7,581.3,12.47,0.732,14,79.62,Fail
LOT_1036,BATCH_678,WFR_11,1564.6,453.4,637.5,12.71,0.676,15,78.19,Fail
LOT_1036,BATCH_678,WFR_12,1520.4,440.3,636.8,11.62,0.661,11,85.49,Pass
LOT_1036,BATCH_678,WFR_13,1487.4,455.1,684.7,12.44,0.78,6,92.57,Pass
LOT_1036,BATCH_678,WFR_14,1520.7,444.3,640.4,12.56,0.711,8,90.39,Pass
LOT_1036,BATCH_678,WFR_15,1538.8,449.8,659.6,12.84,0.732,8,88.65,Pass
LOT_1036,BATCH_679,WFR_16,1528.7,456.6,653.5,12.78,0.659,6,91.59,Pass
LOT_1036,BATCH_679,WFR_17,1517.8,450.1,596.7,12.73,0.639,10,87.69,Pass
LOT_1036,BATCH_679,WFR_18,1537.3,444.8,669.2,12.18,0.672,14,82.3,Fail
LOT_1036,BATCH_679,WFR_19,1540.9,448.7,655.4,11.74,0.694,12,84.98,Fail
LOT_1036,BATCH_679,WFR_20,1548.4,448.9,662.7,12.34,0.647,9,84.63,Fail
LOT_1036,BATCH_680,WFR_21,1522.7,445.6,748.2,12.9,0.7,18,77.7,Fail
LOT_1036,BATCH_680,WFR_22,1494.2,446.9,597.9,13.06,0.616,19,74.51,Fail
LOT_1036,BATCH_680,WFR_23,1505.1,469.2,693.1,12.78,0.644,9,86.23,Pass
LOT_1036,BATCH_680,WFR_24,1542.2,456.7,642.8,12.67,0.734,7,88.88,Pass
LOT_1036,BATCH_680,WFR_25,1471.4,446.5,657.2,12.65,0.73,7,91.1,Pass
LOT_1037,BATCH_681,WFR_01,1512.9,458.4,648.9,12.28,0.68,4,93.61,Pass
LOT_1037,BATCH_681,WFR_02,1486.2,446.0,639.4,12.45,0.649,6,92.54,Pass
LOT_1037,BATCH_681,WFR_03,1501.0,464.1,635.8,13.17,0.649,8,88.42,Pass
LOT_1037,BATCH_681,WFR_04,1544.7,454.4,658.2,12.12,0.681,9,88.26,Pass
LOT_1037,BATCH_681,WFR_05,1506.7,448.7,612.1,13.15,0.732,8,87.59,Pass
LOT_1037,BATCH_682,WFR_06,1501.6,455.4,668.8,12.37,0.746,10,84.54,Fail
LOT_1037,BATCH_682,WFR_07,1452.4,431.1,639.6,13.03,0.675,7,88.94,Pass
LOT_1037,BATCH_682,WFR_08,1526.1,436.5,621.7,11.94,0.642,9,87.03,Pass
LOT_1037,BATCH_682,WFR_09,1522.6,435.7,638.7,12.73,0.713,10,86.06,Pass
LOT_1037,BATCH_682,WFR_10,1575.7,451.7,681.4,12.21,0.659,13,80.19,Fail
LOT_1037,BATCH_683,WFR_11,1489.2,470.8,636.6,11.93,0.674,10,86.9,Pass
LOT_1037,BATCH_683,WFR_12,1507.7,476.8,659.0,12.59,0.766,7,87.93,Pass
LOT_1037,BATCH_683,WFR_13,1508.7,457.7,631.7,12.9,0.741,5,90.21,Pass
LOT_1037,BATCH_683,WFR_14,1555.2,456.0,668.9,12.16,0.708,16,78.7,Fail
LOT_1037,BATCH_683,WFR_15,1496.7,428.4,667.1,11.9,0.636,6,91.31,Pass
LOT_1037,BATCH_684,WFR_16,1509.8,443.5,696.2,12.46,0.711,9,86.85,Pass
LOT_1037,BATCH_684,WFR_17,1521.3,440.5,645.6,12.47,0.753,3,95.93,Pass
LOT_1037,BATCH_684,WFR_18,1506.5,442.5,666.7,12.72,0.681,5,93.77,Pass
LOT_1037,BATCH_684,WFR_19,1484.4,448.0,652.5,12.88,0.768,8,89.84,Pass
LOT_1037,BATCH_684,WFR_20,1506.8,444.3,682.4,12.48,0.765,14,82.26,Fail
LOT_1037,BATCH_685,WFR_21,1537.6,426.2,632.0,13.24,0.783,11,84.28,Fail
LOT_1037,BATCH_685,WFR_22,1464.1,459.0,668.6,12.59,0.715,11,82.55,Fail
LOT_1037,BATCH_685,WFR_23,1504.7,437.1,645.1,12.36,0.729,3,95.22,Pass
LOT_1037,BATCH_685,WFR_24,1475.5,452.9,648.4,11.86,0.771,6,88.12,Pass
LOT_1037,BATCH_685,WFR_25,1541.8,474.9,652.3,12.39,0.722,9,84.43,Fail
LOT_1038,BATCH_686,WFR_01,1446.7,439.0,656.3,12.37,0.675,13,79.61,Fail
LOT_1038,BATCH_686,WFR_02,1480.4,419.6,647.1,12.88,0.678,7,87.41,Pass
LOT_1038,BATCH_686,WFR_03,1513.2,446.6,655.4,12.68,0.712,5,92.18,Pass
LOT_1038,BATCH_686,WFR_04,1554.8,463.2,689.5,12.03,0.635,10,87.64,Pass
LOT_1038,BATCH_686,WFR_05,1497.7,473.5,674.6,12.57,0.693,10,85.16,Pass
LOT_1038,BATCH_687,WFR_06,1480.6,435.2,671.7,12.77,0.755,11,84.01,Fail
LOT_1038,BATCH_687,WFR_07,1565.8,456.0,638.6,13.11,0.59,11,82.55,Fail
LOT_1038,BATCH_687,WFR_08,1449.3,444.4,627.8,12.86,0.777,11,81.82,Fail
LOT_1038,BATCH_687,WFR_09,1423.0,448.7,673.9,12.8,0.756,13,81.86,Fail
LOT_1038,BATCH_687,WFR_10,1515.4,481.7,671.9,12.52,0.677,13,82.67,Fail
LOT_1038,BATCH_688,WFR_11,1482.4,432.0,686.8,12.66,0.727,7,90.67,Pass
LOT_1038,BATCH_688,WFR_12,1464.3,453.0,634.9,13.0,0.7,8,90.38,Pass
LOT_1038,BATCH_688,WFR_13,1524.8,455.6,644.3,11.97,0.761,7,89.05,Pass
LOT_1038,BATCH_688,WFR_14,1508.5,463.0,609.0,12.36,0.749,9,86.42,Pass
LOT_1038,BATCH_688,WFR_15,1480.3,451.2,640.2,12.19,0.63,6,88.68,Pass
LOT_1038,BATCH_689,WFR_16,1455.2,453.7,674.9,12.65,0.729,15,79.48,Fail
LOT_1038,BATCH_689,WFR_17,1530.5,445.3,638.3,12.99,0.69,15,77.42,Fail
LOT_1038,BATCH_689,WFR_18,1522.8,453.2,666.0,12.26,0.704,8,87.26,Pass
LOT_1038,BATCH_689,WFR_19,1496.5,445.9,645.2,11.54,0.664,3,92.2,Pass
LOT_1038,BATCH_689,WFR_20,1564.6,457.5,658.1,12.34,0.787,10,87.26,Pass
LOT_1038,BATCH_690,WFR_21,1462.5,445.6,621.3,12.87,0.752,11,82.52,Fail
LOT_1038,BATCH_690,WFR_22,1446.6,454.5,652.1,12.72,0.663,7,88.22,Pass
LOT_1038,BATCH_690,WFR_23,1475.8,449.6,575.2,12.67,0.633,18,77.55,Fail
LOT_1038,BATCH_690,WFR_24,1498.4,463.5,645.3,12.39,0.681,3,95.45,Pass
LOT_1038,BATCH_690,WFR_25,1508.5,449.4,609.2,11.99,0.722,17,74.97,Fail
LOT_1039,BATCH_691,WFR_01,1491.6,428.7,680.1,12.71,0.712,9,89.04,Pass
LOT_1039,BATCH_691,WFR_02,1512.3,465.1,669.4,12.17,0.763,8,88.09,Pass
LOT_1039,BATCH_691,WFR_03,1456.2,439.1,661.7,13.37,0.739,9,87.63,Pass
LOT_1039,BATCH_691,WFR_04,1550.5,442.2,688.0,12.73,0.748,13,81.07,Fail
LOT_1039,BATCH_691,WFR_05,1497.1,442.9,626.3,12.27,0.716,7,87.4,Pass
LOT_1039,BATCH_692,WFR_06,1539.1,466.5,693.7,12.26,0.631,12,83.8,Fail
LOT_1039,BATCH_692,WFR_07,1512.0,424.4,673.3,12.46,0.69,9,87.07,Pass
LOT_1039,BATCH_692,WFR_08,1516.0,487.7,644.1,12.4,0.753,11,81.89,Fail
LOT_1039,BATCH_692,WFR_09,1519.9,462.7,678.4,12.95,0.697,10,84.08,Fail
LOT_1039,BATCH_692,WFR_10,1515.7,452.7,622.3,12.57,0.725,7,87.11,Pass
LOT_1039,BATCH_693,WFR_11,1522.5,449.3,629.4,12.21,0.684,10,85.81,Pass
LOT_1039,BATCH_693,WFR_12,1546.5,453.4,634.8,13.26,0.649,13,83.23,Fail
LOT_1039,BATCH_693,WFR_13,1506.9,456.3,636.8,12.52,0.694,7,89.54,Pass
LOT_1039,BATCH_693,WFR_14,1524.8,457.7,623.6,12.81,0.715,12,82.02,Fail
LOT_1039,BATCH_693,WFR_15,1496.9,456.7,680.6,12.26,0.667,11,86.25,Pass
LOT_1039,BATCH_694,WFR_16,1550.4,451.1,643.5,12.65,0.688,13,83.05,Fail
LOT_1039,BATCH_694,WFR_17,1476.3,447.6,658.8,12.62,0.653,10,87.77,Pass
LOT_1039,BATCH_694,WFR_18,1563.0,448.2,635.7,11.74,0.756,10,85.84,Pass
LOT_1039,BATCH_694,WFR_19,1498.6,447.7,604.5,13.31,0.685,10,83.86,Fail
LOT_1039,BATCH_694,WFR_20,1449.9,463.6,656.8,13.02,0.773,9,89.08,Pass
LOT_1039,BATCH_695,WFR_21,1504.5,457.1,602.2,12.34,0.776,9,85.82,Pass
LOT_1039,BATCH_695,WFR_22,1476.2,414.7,648.3,12.06,0.696,9,84.54,Fail
LOT_1039,BATCH_695,WFR_23,1529.4,457.9,615.8,12.64,0.65,14,82.02,Fail
LOT_1039,BATCH_695,WFR_24,1477.2,452.3,699.7,12.53,0.596,11,83.33,Fail
LOT_1039,BATCH_695,WFR_25,1484.4,449.8,672.8,12.64,0.626,11,81.92,Fail
LOT_1040,BATCH_696,WFR_01,1433.9,445.3,652.6,12.58,0.631,14,78.39,Fail
LOT_1040,BATCH_696,WFR_02,1484.2,463.5,681.6,12.7,0.769,8,89.23,Pass
LOT_1040,BATCH_696,WFR_03,1415.2,461.4,628.8,13.08,0.706,14,82.7,Fail
LOT_1040,BATCH_696,WFR_04,1444.6,440.7,663.6,12.73,0.719,13,83.66,Fail
LOT_1040,BATCH_696,WFR_05,1526.6,454.9,655.0,12.08,0.589,4,91.69,Pass
LOT_1040,BATCH_697,WFR_06,1527.5,438.3,656.6,13.05,0.64,7,87.97,Pass
LOT_1040,BATCH_697,WFR_07,1514.9,433.4,681.8,13.16,0.744,7,88.23,Pass
LOT_1040,BATCH_697,WFR_08,1466.2,442.5,668.3,13.76,0.714,7,89.92,Pass
LOT_1040,BATCH_697,WFR_09,1498.3,460.3,657.2,12.05,0.693,6,91.95,Pass
LOT_1040,BATCH_697,WFR_10,1499.9,461.4,608.6,12.6,0.728,11,83.9,Fail
LOT_1040,BATCH_698,WFR_11,1459.5,456.2,626.0,11.67,0.782,11,84.38,Fail
LOT_1040,BATCH_698,WFR_12,1552.6,458.7,646.9,12.72,0.689,9,85.56,Pass
LOT_1040,BATCH_698,WFR_13,1530.7,456.2,652.3,12.28,0.703,8,88.19,Pass
LOT_1040,BATCH_698,WFR_14,1492.3,442.3,621.7,13.27,0.71,11,85.11,Pass
LOT_1040,BATCH_698,WFR_15,1500.9,455.2,710.3,12.19,0.82,11,85.33,Pass
LOT_1040,BATCH_699,WFR_16,1507.3,459.6,687.9,11.82,0.595,7,90.54,Pass
LOT_1040,BATCH_699,WFR_17,1428.5,459.1,665.1,12.31,0.734,17,78.27,Fail
LOT_1040,BATCH_699,WFR_18,1491.3,464.3,651.8,11.71,0.694,5,93.53,Pass
LOT_1040,BATCH_699,WFR_19,1476.1,458.5,644.7,12.8,0.728,6,91.07,Pass
LOT_1040,BATCH_699,WFR_20,1464.9,454.2,626.2,11.67,0.667,10,87.82,Pass
LOT_1040,BATCH_700,WFR_21,1490.2,462.8,651.9,12.51,0.698,5,93.07,Pass
LOT_1040,BATCH_700,WFR_22,1562.9,449.7,656.4,11.67,0.736,12,81.87,Fail
LOT_1040,BATCH_700,WFR_23,1522.4,439.4,619.0,12.37,0.856,10,86.37,Pass
LOT_1040,BATCH_700,WFR_24,1480.0,448.0,658.4,13.16,0.74,9,85.86,Pass
LOT_1040,BATCH_700,WFR_25,1520.0,441.1,646.1,12.64,0.658,11,83.22,Fail
